Posición,Descripción ,Derechos,Tasa Estadísticas,Impuestos Internos,Anti-Dumping,IVA
9620.00.00,estabilizador para celular,16,3,0,0,21%
9603.90.00,DEMAS CEPILLOS,18,3,0,0,21%
9603.29.00,CEPILLOS P/MASCOTAS,20,3,0,0,21%
9507.10.00,Cañas de pesacar las demas,20,3,0,0,21%
9506.99.00,DEMAS ART DEPORTIVO,35,3,0,0,21%
9506.91.00.900K,Los demás: Artículos de gimnasio,20,3,0,0,21%
9506.91.00,ENTRENADOR PARA BICICLETA DE METAL,35,3,0,0,21%
9506.62.00,PELOTAS INFLABLES,35,3,0,0,21%
9506.32.00,PELOTAS DE GOLF,20,3,0,0,21%
9506.31.00,PALO DE GOLF,20,3,0,0,21%
9506.21.00,VELAS DE KITESURF,20,3,0,0,21%
9505.90.00,Artículos para fiestas,20,3,0,0,21%
9505.90.00,ART P FIESTAS DISFRACES,20,3,0,0,21%
9505.10.00,Artículos para fiestas de Navidad,20,3,0,0,21%
9504.50.00,ACCESORIOS DE VIDEOJUEGO,20,3,0,0,21%
9504.40.00,JUEGO DE MESA,20,3,0,0,21%
9503.00.99.960R,Los demás juguetes -,35,3,0,0,21%
9503.00.99,DEMAS JUGUETES,35,3,0,0,21%
9405.61.00,FLEXIBLES LED,18,3,0,0,21%
9405.42.00,LUMINARIAS DE LED,20,3,0,0,21%
9405.42.00,APARATOS DE IMUNINACION DE LED,20,3,0,0,21%
9405.29.00.000H,Lámparas eléctricas,18,3,0,0,21%
9405.21.00,"LAMPARAS DE MESA, PIE, ETC.",18,3,0,0,21%
9405.19.90.100M,LUCES SUBACUATICAS,18,3,0,0,21%
9403.70.00.990M,CORRALITO PARA BEBE,18,3,0,0,21%
9403.60.00,DEMAS MESAS DE MADERA,18,3,0,0,21%
9403.60.00,DEMAS MUEBLES DE MADERA,18,3,0,0,21%
9403.20.90.990E,COLUMPIO DE METAL,35,3,0,0,21%
9402.90.90,Camas y camillas con mecanismos,16,3,0,0,21%
9401.79.00.900D,Asientos con armazón de metal,35,3,0,0,21%
9209.30.00,CUERDA DE GUITARRA,16,3,0,0,21%
9207.90.90.000,bateria electrica,18,3,0,0,21%
9113.90.00.199T,Pulseras para relojes,18,3,0,0,21%
9104.00.00,TABLERO DE AUTO,20,3,0,0,21%
9032.89.90,DEMAS CONTROLADORES,18,3,0,0,21%
9031.90.90,Partes y accesorios de Instrumentos,12.6,0,0,0,21%
9031.80.99,"Los demás instrumentos, aparatos y máq",12.6,0,0,0,"10,50%"
9029.90.10,SENSOR DE VELOCIDAD,16,3,0,0,21%
9027.89.99,Los demás instrumentos y aparatos,12.6,0,0,0,21%
9027.10.00,detector de gas portatil,12.6,0,0,0,"10,50%"
9026.90.90,SENSOR AUTOMOTIVO,16,3,0,0,21%
9026.20.90,Demas inst control de presión,18,3,0,0,21%
9026.10.29.100N,Istrumentos p/caudal y selec combustibl,18,3,0,0,21%
9025.80.00,DEMAS MEDIDORES DE TEMPERATURA Y HUMEDAD,18,3,0,0,21%
9025.19.90,PISTOLA TERMOMETRO INFRARROJO,18,3,0,0,21%
9025.19.90,MEDIDOR DE TEMPERATURA,18,3,0,0,21%
9025.11.99,TERMOMETRO ESPATULA,18,3,0,0,21%
9019.10.00,MASAJEADOR,12.6,0,0,0,"10,50%"
9018.90.69,TENSIOMETRO,16,3,0,0,21%
9013.10.90,"Miras reflex, visores, óptica",12.6,0,0,0,21%
9011.80.90,MICROSCOPIO LCD,2,0,0,0,"10,50%"
9010.60.00,Pantallas de proyección,18,3,0,0,21%
9005.10.00,BINOCULARES,18,3,0,0,21%
9004.90.90,GAFAS PROTECTORAS,18,3,0,0,21%
9004.10.00,LENTES VARIOS,20,3,0,0,21%
9004.10.00,LENTES DE SOL,20,3,0,0,21%
9003.90.90,PARTES DE MONTURAS,16,3,0,0,21%
9003.19.10,ARMAZONES DE METAL COMUN,18,3,0,0,21%
9003.11.00,ARMAZONES,18,3,0,0,21%
9002.90.90.000F,ESPEJO,16,3,0,0,21%
9001.50.00,LENTES P GAFAS,18,3,0,0,21%
9001.20.00.000A,Hojas y placas de materia polarizante,18,3,0,0,21%
8807.90.00,REPUESTOS DE AVIACION,0,0,0,0,21%
8807.90.00,PARTES VARIAS A,0,0,0,0,21%
8806.29.00,DRONES las demas,0,0,0,0,"10,50%"
8716.80.00,CARRITO DE MANO PLEGABLE,35,3,0,0,"10,50%"
8715.00.00.100J,MOISES PARA BEBE,20,3,0,0,21%
8714.96.90.000X,PEDALES,16,3,0,0,21%
8714.95.00.990A,Sillines para bicicletas,16,3,0,0,21%
8714.10.00.100E,Accesorios motocicletas,16,3,0,0,21%
8714.10.00,PARTES Y ACC DE MOTOCICLETA,16,3,0,0,21%
8711.60.00,Scooter - monopatin electrico,20,3,0,0,21%
8708.99.90,AUTOPARTES,18,3,0,0,21%
8708.99.90,SOPORTE MOTOR,18,3,0,0,21%
8708.94.12,Partes y accesorios de vehículos col,12.6,0,0,0,21%
8708.93.00,Embragues y sus partes,18,3,0,0,21%
8708.92.00.900N,caño de escape,18,3,0,0,21%
8708.80.00,Sistemas de suspensión y sus partes,18,3,0,0,21%
8708.80.00,PARTES SIST. DE SUSPENSION,18,3,0,0,21%
8708.50.99,Partes y accesorios de vehículos automóv,18,3,0,0,21%
8708.30.90,Partes y accesorios de vehículos automóv,18,3,0,0,21%
8708.29.99,partes y accesorios de carrocería,18,3,0,0,21%
8708.29.99,BOTON CABLE HYDRA,18,3,0,0,21%
8708.29.94.000T,ACC PANEL DE DIRECCION,18,3,0,0,21%
8708.29.19,ACC VEHICULO,12.6,3,0,0,21%
8708.29.13,partes y accesorios de carrocería,12.6,0,0,0,21%
8708.10.00,PARAGOLPE,18,3,0,0,21%
8607.21.00,Frenos de aire comprimido y sus partes,12.6,0,0,0,21%
8544.70.10,CABLE FIBRA OPTICA,14,0,0,0,"10,50%"
8544.42.00,CABLES C/PIEZA DE CONEXION,16,3,0,0,21%
8544.42.00,KIT DE 15 UNID DE CABLES,16,3,0,0,21%
8544.30.00,CABLES CON CONECT,16,3,0,0,21%
8544.20.00,FLEX,16,3,0,0,21%
8544.20.00,CABLES Y DEMAS CONDUCTORES,16,3,0,0,21%
8544.20.00,PARTE TELEFONO FLEX,16,3,0,0,21%
8544.20.00,CABLES (MANOJO),16,3,0,0,21%
8544.20.00,SET DE CABLES,16,3,0,0,21%
8544.20.00,MAZO DE CABLES,16,3,0,0,21%
8543.90.90.00F,Máquinas y aparatos eléctricos con funci,12.6,0,0,0,21%
8543.90.90,PLACA DE SONIDO,14,0,0,0,21%
8543.70.99,Máquinas y aparatos eléctricos,10.8,0,0,0,"10,50%"
8543.70.99,DETECTOR DE METALES,10.8,0,0,0,"10,50%"
8543.70.99,BASE CONVERTIDORA DE PUERTOS USB,10.8,0,0,0,"10,50%"
8543.70.99,SET LIBRETA INTELIGENTE Y BOLIGRAFOS,12,0,0,0,"10,50%"
8543.70.99,APARATO RECONOCIMENTO FACIAL,12,3,0,0,21%
8543.70.99,CONTROL REMOTO,12,3,0,0,21%
8543.70.99,E-BOOK KINDLE,10,0,0,0,"10,50%"
8543.70.99,CONVERTIDOR DE VIDEO,12,0,0,0,"10,50%"
8543.70.99,SOPORTE GIRATORIO CELULAR,12,0,0,0,"10,50%"
8543.70.99,CONVERTIDOR IMAGEN,12,0,0,0,"10,50%"
8543.70.99,LECTOR LIBROS ELECTRONICO,12,0,0,0,"10,50%"
8543.70.99,KIT SINCRONIZADOR DE LUCES,12,0,0,0,"10,50%"
8543.70.99,MAQ FUNC PROP,12,3,0,0,"10,50%"
8543.70.99,EQUIPO MINER,12,0,0,0,"10,50%"
8543.70.99,BASE GIRATORIA FOTOGRAFIA,12,0,0,0,"10,50%"
8543.70.99,DETECTOR DE BILLETES,12,0,0,0,"10,50%"
8543.70.99,CONSOLA MEZCLADORA,10,0,0,0,"10,50%"
8543.70.99,BILLETERA VIRTUAL - TOKEN,12,0,0,0,"10,50%"
8543.70.99,MAQUINA MINERIA CRIPTOMONEDAS,12,0,0,0,"10,50%"
8543.70.99,PARTE CELULAR BUZZER,12,0,0,0,"10,50%"
8543.70.99,TOKEN,12,0,0,0,"10,50%"
8543.70.99,APARATO AUX DE AUDIO,12,3,0,0,"10,50%"
8543.70.99,PLACA AUDIO,12,0,0,0,"10,50%"
8543.70.99,MAQ FUNC PROP ER,12,3,0,0,"10,50%"
8543.70.99,CORTADORA DE ALFOMBRAS,12,0,0,0,"10,50%"
8543.70.99,KIT LAMPARA INTELIGENTES,12,0,0,0,"10,50%"
8543.70.99,OSCILADOR,12,0,0,0,"10,50%"
8543.70.99,ZUMBADOR BUZZER,8,0,0,0,"10,50%"
8543.70.99,MEZCLADOR VIDEO,10,0,0,0,"10,50%"
8543.70.99,LIMPIADOR CUTIS,12,0,0,0,"10,50%"
8543.70.99,DETECTOR DE METALES,12,3,0,0,"10,50%"
8543.70.39,ATENUADORES,0,0,0,0,"10,50%"
8543.70.39,ECUALIZADORES,0,0,0,0,"10,50%"
8543.70.39,PLAQUETA PARA EDICION DE VIDEO,0,0,0,0,"10,50%"
8543.70.39,AP AUX DE VIDEO,0,0,0,0,"10,50%"
8543.70.36,RUTEADOR CONMUTADOR,0,3,0,0,"10,50%"
8543.70.34,CONTROLADORES DE EDICION,0,3,0,0,"10,50%"
8543.70.20,APARATO PARA MATAR INSECTOS,18,3,0,0,21%
8543.20.00,GENERADOR DE SEÑAL,2,0,0,0,"10,50%"
8543.20.00,GENERADOR,2,3,0,0,21%
8542.39.99,MODULOS,0,0,0,0,"10,50%"
8542.33.90,AMPLIFICADOR,0,0,0,0,"10,50%"
8542.32.21,MEMORIA RAM,0,0,0,0,"10,50%"
8542.32.21,PLACA M DD2,0,0,0,0,"10,50%"
8542.31.90,MICROPROCESADORES,0,0,0,0,"10,50%"
8542.31.90,PARTE TELEFONO I.C. CIRCUITOS,0,0,0,0,"10,50%"
8542.31.90,REGULADOR,0,0,0,0,"10,50%"
8542.31.90,CIRCUITOS INTEGRADOS,0,3,0,0,"10,50%"
8542.31.90,PROCESADOR,0,0,0,0,"10,50%"
8542.31.90,MICROCONTROLADOR,0,3,0,0,"10,50%"
8542.31.90,CHIP,0,0,0,0,"10,50%"
8542.31.90,CIRCUITOS LOGICOS,0,3,0,0,"10,50%"
8542.31.20,OPTOACOPLADOR,0,0,0,0,"10,50%"
8542.31.10,CIRCUITOS,0,3,0,0,"10,50%"
8541.41.21,LED DIODO,0,0,0,0,"10,50%"
8541.41.21,DIODOS LED SMD,0,0,0,0,"10,50%"
8541.40.39,CELULAS SOLARES,12,0,0,0,"10,50%"
8541.40.39,MODULO LUZ SOLAR,12,0,0,0,"10,50%"
8541.40.32,PANELES SOLARES,12,0,0,0,"10,50%"
8541.40.32,PANEL,12,3,0,0,"10,50%"
8541.40.29,DIODOS,0,0,0,0,"10,50%"
8541.40.22,TIRAS DE LED,0,0,0,0,"10,50%"
8541.40.11,PACK DIODOS LED (52M UNID),0,0,0,0,"10,50%"
8541.40.11,LED DIODO,0,0,0,0,"10,50%"
8541.40.11,KIT 1000 LED DIODOS,0,0,0,0,"10,50%"
8541.29.10,KIT 200 TRANSISTORES (CAJA),0,0,0,0,"10,50%"
8541.29.10,TRANSISTORES,0,3,0,0,"10,50%"
8541.10.19,DIODO BARRERA,0,0,0,0,"10,50%"
8540.89.10,VALVULAS P/TRANSMISORES,0,3,0,0,21%
8540.81.00,TUBOS RECEPTORES,18,3,0,0,21%
8539.90.90,PARTES DE LUCES,14,3,0,0,21%
8539.52.00.100F,LAMPARA LED AUTOMOVIL,10.8,3,0,0,"10,50%"
8539.49.00,LAMPARAS SET 4 UNID,18,3,0,0,21%
8539.49.00,LAMPARA,18,3,0,0,21%
8539.41.90,LAMPARA PROYECTOR,18,3,0,0,21%
8539.29.90,LAMPARA 12V,18,3,0,0,21%
8539.29.90,LAMPARA LED,18,3,0,0,21%
8538.90.90,LOS DEMAS ACC,16,3,0,0,21%
8538.90.10,KIT PLAQUETAS CON CABLES,12,0,0,0,"10,50%"
8538.90.10,PLAQUETAS C/COMP KIT 100 UNID,10,0,0,0,"10,50%"
8538.90.10,PLAQUETAS C/COMPONENTES,12,0,0,0,"10,50%"
8538.90.10,KIT 6 PLAQUETAS/CABLES,12,0,0,0,"10,50%"
8537.10.90,COMANDO DE CONTROL,18,3,0,0,21%
8537.10.90,PANEL DE CONTROL,18,3,0,0,21%
8537.10.90,PANTALLA INTELIGENTE,18,3,0,0,21%
8537.10.90,PANTALLA DISPLAY,18,3,0,0,21%
8537.10.20,CONTROLADOR,14,0,0,0,"10,50%"
8536.90.90,BAHIA HUB USB,16,3,0,0,21%
8536.90.90,ADAPTADOR WIFI,16,3,0,0,21%
8536.90.90,BORNERA,16,3,0,0,21%
8536.90.90,ADAPT WIFI TELESCOPIO,16,3,0,0,21%
8536.90.90,PULSERA ANTIESTATICA,16,3,0,0,21%
8536.90.90,ADAPTADOR,16,3,0,0,21%
8536.90.90,MANTA ANTIESTATICA,16,3,0,0,21%
8536.90.90,ADAPTADORES KIT 7 UNID,16,3,0,0,21%
8536.90.90,ADAPTADOR DE RED,16,3,0,0,21%
8536.90.90,PATCHERA,16,3,0,0,21%
8536.90.90,BORNES,16,3,0,0,21%
8536.90.90,ARRANCADOR BATERIA,16,3,0,0,21%
8536.90.40,CONECTORES,0,0,0,0,
8536.90.30,ZOCALOS PARA ELECTRONICA,16,3,0,0,21%
8536.90.10,PORTA PILAS,16,3,0,0,21%
8536.70.00,CONECTOR DE FIBRA OPTICA,16,3,0,0,21%
8536.69.90,CONECTORES,16,3,0,0,21%
8536.69.90,ENCHUFES,16,3,0,0,21%
8536.69.90,KIT 6 CONECTORES,16,3,0,0,21%
8536.69.90,KIT 100 CONECTORES,16,3,0,0,21%
8536.61.00,PORTALAMPARAS,16,3,0,0,21%
8536.50.90,SENSOR PROXIMIDAD,16,0,0,0,"10,50%"
8536.50.90,BOTON INTERRUPTOR,16,0,0,0,"10,50%"
8536.50.90,SWITCH,16,0,0,0,"10,50%"
8536.50.90,BOTON PULSADOR,16,0,0,0,"10,50%"
8536.50.90,INTERRUPTOR,16,0,0,0,"10,50%"
8536.50.90,PARTE TELEFONO BOTON HOME,16,0,0,0,"10,50%"
8536.49.00,APARATO PARA CORTE,16,3,0,0,21%
8536.41.00,SENSORES,16,3,0,0,21%
8536.41.00,SENSOR DE MOVIMIENTO,16,3,0,0,21%
8536.41.00,DIODOS,16,3,0,0,21%
8536.41.00,MINI RELE,16,3,0,0,21%
8534.00.33,PANELES,10,3,0,0,"10,50%"
8534.00.12,CIRCUITOS IMPRESOS,10,0,0,0,"10,50%"
8533.90.00,PARTE POTENCIOMETRO,14,3,0,0,21%
8533.31.10,POTENCIOMETRO,16,3,0,0,21%
8533.21.90,RESISTENCIA,16,3,0,0,21%
8533.10.00,RESISTENCIAS,16,3,0,0,21%
8532.25.90,CAPACITORES,16,3,0,0,21%
8532.24.90,CONDENSADOR CERAMICO,16,3,0,0,21%
8532.22.00,CONDENSADOR ELECTROLITICO,16,3,0,0,21%
8531.90.00,PARTE DE ALARMA,16,3,0,0,21%
8531.80.00,LOCALIZADOR,18,3,0,0,21%
8531.80.00,LOCALIZADOR,18,3,0,0,21%
8531.20.00,LED FLEXIBLES,0,0,0,0,"10,50%"
8531.10.10,ALARMA,18,3,0,0,21%
8529.90.90,"DEMAS PARTES DE AUTOESTEREOS, ETC",16,3,0,0,21%
8529.90.90,ADAPT LENTE,16,3,0,0,21%
8529.90.90,PARTES DRONE,16,3,0,0,21%
8529.90.90,PARTE DRONE PACK HELICES,16,3,0,0,21%
8529.90.40,GPS PARTES,0,3,0,0,21%
8529.90.20,PARTES PROYECTORES,12,3,0,0,"10,50%"
8529.90.19,APARATO RECEPTOR PARA TV GC,8,3,0,0,"10,50%"
8529.90.19,APARATOS EMISORES,8,3,0,0,"10,50%"
8529.90.12,MINI PLACA PARA GPS,12,0,0,0,"10,50%"
8529.10.90,REFLECTORES DE ANTENAS,16,3,0,0,21%
8529.10.19,ANTENAS (PACK 2 UNID),16,3,0,0,21%
8529.10.19,ANTENA PARA GPS,16,3,0,0,21%
8529.10.19,ANTENA,16,3,0,0,21%
8529.10.19,KIT ANTENA,16,3,0,0,21%
8528.72.00,AP RECEPTOR DE TV,20,3,19,0,21%
8528.72.00,SMART TV,20,3,19,0,21%
8528.71.90,APTO TRANSMISOR TV,20,3,0,0,21%
8528.71.90,SINTONIZADORA,20,3,0,0,21%
8528.71.90,APARATO TRANSMISION TV GC,20,3,0,0,21%
8528.71.90,APTO RECEPTOR TV,20,3,0,0,21%
8528.71.19,TV,20,3,20,0,21%
8528.71.19,DECODIFICADOR,20,3,0,0,21%
8528.69.90,MINI PROYECTORES,20,3,0,0,21%
8528.69.90,PROYECTOR,20,3,0,0,21%
8528.59.20,MONITOR VIDEO PARA CAMARA,20,3,17,0,21%
8528.59.20,LENTES REALIDAD VIRTUAL,20,3,17,0,21%
8528.59.20,MARCO DIGITAL FOTOGRAFIAS,20,3,17,0,21%
8528.59.20,TELEPROMTER,20,3,17,0,21%
8528.59.20,KIT LENTE REALIDAD VIRTUAL Y ACCS,20,3,17,0,21%
8528.59.20,MONITORES SET 2 UNIDADES,20,3,17,0,21%
8528.59.00.900,PORTARETRATO DIGITAL,20,3,0,0,21%
8528.59.00,MARCOS DIGITALES,20,3,0,0,21%
8528.52.20,REPROD STREAMING TIPO ROKU,12,0,0,0,21%
8528.52.20,CAPTURADOR DE VIDEO,12,0,0,0,21%
8528.52.00,MONITOR POLICROMATICO,0,0,19,0,21%
8527.99.90,EQUIPO DE AUDIO,20,3,0,0,21%
8527.99.90,SINTETIZADOR,20,3,0,0,21%
8527.99.90,RADIO,20,3,0,0,21%
8527.99.10,SINTOAMPLIFICADOR,20,3,0,0,21%
8527.99.10,AMPLIFICADOR,20,3,0,0,21%
8527.29.00,AUTOESTEREO,20,3,17,0,21%
8527.29.00,APARATO RECEPTOR AUDIO Y VIDEO,20,3,0,0,21%
8527.13.00,REPRODUCTOR DE CD,20,3,20,0,21%
8526.92.00,TELEMANDO DRONE,18,3,0,0,21%
8526.92.00,PARTE DE RADIO TELEMANDO,18,3,0,0,21%
8526.92.00,RADIO TELEMANDO,18,3,0,0,21%
8526.91.00,TRACKER GPS,0,0,0,0,21%
8526.91.00,GPS,0,0,0,0,21%
8526.10.00,RADAR,0,3,0,0,"10,50%"
8525.89.29.900U,Cámaras digitales y videocámaras,2,3,0,0,21%
8525.89.29,CAMARA WEB,2,3,0,0,21%
8525.89.29,CAMARAS IP,2,3,0,0,21%
8525.89.19,CAMARAS SEG.,2,3,0,0,21%
8525.80.29,KIT DE 3 CAMARAS,2,3,0,0,21%
8525.80.29,DRONE CON ACCESORIOS,2,3,0,0,21%
8525.80.29,KIT CAMARA; BATERIA; MEMORIA,2,3,0,0,21%
8525.80.29,CAMARA,2,3,0,0,21%
8525.80.29,KIT CAMARA SEGURIDAD 5 UNID,2,3,0,0,21%
8525.80.29,KIT FILMACION,20,3,0,0,21%
8525.80.29,CAMARAS IP,20,3,0,0,21%
8525.80.29,DRONE,2,3,0,0,21%
8525.80.21,KIT FILMADORA CON BOLSO,0,0,0,0,"10,50%"
8525.80.19,CAMARA WEB,2,3,0,0,21%
8525.60.90,MAQUINA DE FOTO,12,3,0,0,"10,50%"
8525.60.90,CABLE USB,12,3,0,0,"10,50%"
8524.99.00,PANTALLA PARA AUTO,0,0,0,0,21%
8524.91.00,MODULOS,0,0,0,0,
8524.19.00,DISPLAY PHONE,10,0,3,0,21%
8523.80.00,DISCOS LP,16,3,0,0,21%
8523.59.00,TAG,16,3,0,0,21%
8523.52.00,TARJETAS PLASTICAS,6,3,0,0,"10,50%"
8523.51.90,MEMORIAS KIT X 2 UNIDS,16,3,0,0,21%
8523.51.90,CAJA EXPANSION USB-C (SIN DISCOS),35,3,0,0,21%
8523.51.90,MEMORIAS,16,3,0,0,21%
8523.51.90,PEN DRIVE BILLETERA,16,3,0,0,21%
8523.51.90,PENDRIVE,16,3,0,0,21%
8523.51.90,MEMORY FLASH,16,3,0,0,21%
8523.51.90,MEMORIA MICRO SD,16,3,0,0,21%
8523.51.90,PENDRIVE PACK 3 UNID,16,3,0,0,21%
8523.51.90,BILLETERA VITUAL (PEN DRIVE) KIT X 4 UNI,16,3,0,0,21%
8523.51.90,DISCO ESTADO SOLIDO,16,3,0,0,21%
8523.49.90,SOPORTE P GRABAR SONIDO,16,3,0,0,21%
8523.49.90,DVD,35,3,0,0,21%
8523.49.90,KIT VIDEOJUEGO / MUÑECO,35,3,0,0,21%
8523.49.90,VIDEO JUEGOS,35,3,0,0,21%
8523.49.20,CD,16,3,0,0,21%
8523.49.20,JUEGO,16,3,0,0,21%
8523.49.10,CDS AUDIO,16,3,0,0,21%
8523.29.19,PROGRAMA COMPUTACION,16,3,0,0,21%
8523.21.10,TARJETA C/CINTA MAGNETICA,16,3,0,0,21%
8522.90.90,REPUESTO TOCADISCOS,16,3,0,0,21%
8521.91.00,aparatos de recep de posic,0,3,0,0,21%
8521.90.10,REPRODUCTOR DVD,0,0,0,0,21%
8521.90.10,GRABADORA DVD,0,0,0,0,21%
8521.10.90,LECTOR DE CINTA MAGNETICA,0,3,0,0,21%
8519.89.00,aparato de grabacion de sonido,20,3,0,0,21%
8519.89.00,KIT GRABACION SONIDO,20,3,0,0,21%
8519.81.90,APARATO DE GRABACION,20,3,0,0,21%
8519.81.90,BARRA DE SONIDO,20,3,19,0,21%
8519.30.00,BANDEJA GIRADISCOS,20,3,0,0,21%
8519.30.00,GIRADISCOS,20,3,0,0,21%
8518.90.90,PARTE DE MICROFONO,16,3,0,0,21%
8518.90.90,ASISTENTE DE ALTAVOZ,16,3,0,0,21%
8518.90.90,PARTES AURICULARES,16,3,0,0,21%
8518.50.00,AMPLIFICADOR,20,3,0,0,21%
8518.50.00,AMPLIFICADOR PARA GUITARRA,20,3,0,0,21%
8518.40.00,ALTOPARLANTES,20,3,0,0,21%
8518.30.00,AURICULARES,20,0,0,0,21%
8518.30.00,AURICULAR,35,3,0,0,21%
8518.30.00,AURICULAR,35,3,0,0,21%
8518.21.00,PARLANTES,20,3,0,0,21%
8518.21.00,JGO PARLANTES 2 UNID,20,3,0,0,21%
8518.21.00,HOME THEATER,20,3,0,0,21%
8518.10.90,SET MICROFONO CON SOPORTE,20,3,0,0,21%
8518.10.90,CABEZAL DE MICROFONO INAL.,20,3,0,0,21%
8518.10.90,MICROFONO,20,3,0,0,21%
8518.10.90,SET MICROFONOS INALAMBRICO Y ACCS,20,3,0,0,21%
8518.10.90,SOPORTE MICROFONO,20,3,0,0,21%
8517.79.00,PARTES Y ACC. APARATOS TRANS. DATOS,10.8,0,0,0,"10,50%"
8517.79.00,PARTES DE TELEFONIA CELULAR,10.8,0,0,0,"10,50%"
8517.79.00,PANTALLAS CELULAR,10,0,0,0,"10,50%"
8517.70.99,MALLA SMART WATCH,8,0,0,0,"10,50%"
8517.70.99,TELEF PARTES,8,3,0,0,"10,50%"
8517.70.99,PARTES TELEFONO CELULAR,8,0,0,0,"10,50%"
8517.70.99,ADAPTADORES P ROUTER,8,0,0,0,"10,50%"
8517.69.00,APTO DE EMIS TRANSM,14,3,0,0,"10,50%"
8517.69.00,APTO DE EMI TRANSM DATOS,14,3,0,0,"10,50%"
8517.69.00,APTO DE EMIS TRANSM DATOS,14,3,0,0,"10,50%"
8517.62.99,CONSOLA DE RED,20,3,0,0,21%
8517.62.99,APARATO DE TRANSMISION,20,3,0,0,21%
8517.62.99,LOS DEMAS. TRANSCEPTORES,20,3,0,0,21%
8517.62.99,KIT 4 UNID LOCALIZADOR AIRTAG,20,3,0,0,21%
8517.62.99,CONVERTIDOR DE SEÑAL,20,3,0,0,21%
8517.62.99,APTO TRANSMIISOR TV,20,3,0,0,21%
8517.62.99,CONSOLA STREAMING,20,3,0,0,21%
8517.62.99,SMART WATCH,20,3,0,0,21%
8517.62.99,APTO TRAN,20,3,0,0,21%
8517.62.99,CONMUTADOR DE RED,20,3,0,0,21%
8517.62.99,SWITCH DE ETHERNET,20,3,0,0,21%
8517.62.99,MODULOS TRANSCEPTORES USADOS,35,3,0,0,21%
8517.62.99,TRANCEPTORES,20,3,0,0,21%
8517.62.99,SWITCHER,20,3,0,0,21%
8517.62.99,AIRTAG LOCALIZADOR,20,3,0,0,21%
8517.62.77,EMISOR RECEPTOR,0,3,0,0,"10,50%"
8517.62.72,apar de em y trans las demas,16,3,0,0,"10,50%"
8517.62.72,SMARTWATCH,0,0,0,0,"10,50%"
8517.62.72,apar de em y trans inf = 8M 1,16,3,0,0,"10,50%"
8517.62.72,AURICULAR INALAMBRICO BT,0,0,0,0,"10,50%"
8517.62.72,apar de em y trans inf = 8M,16,3,0,0,"10,50%"
8517.62.55,FUENTE DE ALIMENTACION,16,3,0,0,"10,50%"
8517.62.55,MODEM,0,3,0,0,"10,50%"
8517.62.54,HUB,2,3,0,0,"10,50%"
8517.62.54,SWITCH HUB,2,3,0,0,"10,50%"
8517.62.49,LOS DEMAS ROUTER,0,0,0,0,"10,50%"
8517.62.41,ROUTER,0,0,0,0,"10,50%"
8517.62.41,REPETIDOR SENAL WIFI,16,3,0,0,21%
8517.62.41,ROUTER INALAMBRICO,0,0,0,0,"10,50%"
8517.62.41,KIT ROUTER Y REPETIDORES (3 UNID),0,0,0,0,"10,50%"
8517.62.34,LOS DEMAS APARATOS DE CONMUTACION USADOS,0,0,0,0,"10,50%"
8517.61.92,ACCESS POINT,2,3,0,0,"10,50%"
8517.18.10,VIDEO PORTERO,20,3,0,0,21%
8517.18.10,PORTERO ELECTRICO,20,3,0,0,21%
8517.18.10,INTERCOMUNICADOR,20,3,0,0,21%
8517.14.39,Los demás teléfonos celulares (móvile,10.8,0,0,0,21%
8517.13.00,TELEFONO INTELIGENTE,0,0,9.5,0,21%
8517.12.31,TELEFONO CELULAR,16,0,17,0,21%
8517.12.31,TELEFONO CELULAR REFURBISHED,32,0,17,0,
8517.12.31,TABLET CON SLOT TELEFONO,16,3,17,0,21%
8517.12.19,APTO TRANSMISOR TV,12,3,0,0,"10,50%"
8517.12.19,ACC P/TELEFONO,12,3,0,0,"10,50%"
8517.12.19,APARATO RECEPTOR EMISOR,12,3,0,0,"10,50%"
8517.12.11,WALKIE TALKIE,0,0,0,0,"10,50%"
8516.90.00,PARTE DE APARATO ELECTRICO,16,3,0,0,21%
8516.90.00,REPUESTO CAFETERA,16,3,0,0,21%
8516.79.90.900C,SAUNA PORTATIL,20,3,0,0,21%
8516.79.90,APARATO DE COCCION ELECTRICO,20,3,0,0,21%
8516.79.90,CABLE CALEFACTOR,35,3,0,0,21%
8516.79.10,CACEROLA ELECTRICA,20,3,0,0,21%
8516.72.00,TOSTADORA,20,3,0,0,21%
8516.71.00,PAVA ELECTRICA,35,3,0,0,21%
8516.71.00,CAFETERA DOMESTICA,35,3,0,0,21%
8516.60.00,HORNOS,35,3,0,0,21%
8516.60.00,ANAFE,35,3,0,0,21%
8516.50.00,MICROONDAS,20,3,0,0,21%
8516.40.00,PLANCHA A VAPOR,20,3,0,0,21%
8516.33.00.000M,Aparatos para secar las manos,20,3,0,0,21%
8516.32.00.900Z,CEPILLO DE PELO ELECTRICO,20,3,0,0,21%
8516.32.00,PLANCHITAS PARA CABELLO,20,3,0,0,21%
8516.32.00,MOLDEADOR DE CABELLO,20,3,0,0,21%
8516.31.00.000N,SECADOR DE PELO Y ALISADOR,35,3,0,0,21%
8516.31.00,SECADOR DE CABELLO,20,3,0,0,21%
8516.29.00,CALIENTAPLATOS,35,3,0,0,21%
8516.10.00.900X,C,20,3,0,0,21%
8515.90.00,PUNTAS PARA SOLDAR,14,0,0,0,21%
8515.90.00,PARTES SOLDADORA,14,0,0,0,21%
8515.90.00,PUNTAS DE CORTE PLASMA,12,0,0,0,21%
8515.39.00,SOLDADORAS,12.6,0,0,0,"10,50%"
8515.11.00,SOLDADOR,12.6,0,0,0,"10,50%"
8513.10.90,LAMPARA PARA CELULAR,18,3,0,0,21%
8513.10.10,LINTERNA,18,3,0,0,21%
8512.40.20,Escobillas limpiaparabrisas,18,3,0,0,21%
8512.20.21,AP ALUMBRADO,18,3,0,0,21%
8512.20.19,aparato de alumbrado,18,3,0,0,21%
8512.20.11,SET LUCES,18,3,0,0,21%
8512.10.00,LUZ BICICLETA,18,3,0,0,21%
8511.90.00,PARTE DE ENCENDIDO,16,3,0,0,21%
8511.50.90,REGULADOR,18,3,0,0,21%
8511.50.10,ALTERNADOR,18,3,0,0,21%
8511.40.00,MOTOR DE ARRANQUE,18,3,0,0,21%
8511.30.20,BOBINA DE ENCENDICO,18,3,0,0,21%
8511.30.10,DISTRIBUIDOR,18,3,0,0,21%
8511.20.90,BUJIA,18,3,0,0,21%
8511.10.00,BUJIAS,18,3,0,0,21%
8510.90.19,KIT PEINES CORTE 6 UNID,16,3,0,0,21%
8510.30.00,DEPILADORA,20,3,0,0,21%
8510.20.00.900A,RECORTADORA FACIAL,35,0,0,0,"10,50%"
8510.20.00.900A,Máquinas de cortar el pelo o esquilar,35,0,0,0,"10,50%"
8510.20.00,CORTA CABELLO,0,3,0,0,"10,50%"
8510.10.00,AFEITADORA,20,3,0,0,21%
8509.90.00,MICROMOTORES,16,3,0,0,21%
8509.90.00,PARTES Y ACCS BATIDORA,16,3,0,0,21%
8509.90.00,PARTES CEPILLO DE DIENTES,16,3,0,0,21%
8509.80.90.900U,CEPILLO DE DIENTES ELECTRICO,20,3,0,0,21%
8509.80.90,CEPILLO DIENTES ELECTRICO,20,3,0,0,21%
8509.80.90,DISPENSADOR DE FRAGANCIAS,20,3,0,0,21%
8509.40.90,triturador de pimienta,20,3,0,0,21%
8509.40.90,triturador de pimienta,20,3,0,0,21%
8509.40.90,MOLINILLO CAFE,20,3,0,0,21%
8509.40.90,EXPRIMIDOR,20,3,0,0,21%
8509.40.50.900Y,BATIDORA DE MANO,20,3,0,0,21%
8509.40.30,APART ELECTRO MECANICO,20,3,0,0,21%
8509.40.20.900U,PROCESADOR DE ALIMENTO,20,3,0,0,21%
8509.40.20.900U,LIQUADORA,20,3,0,0,21%
8509.40.20.900U,BATIDORA,20,3,0,0,21%
8509.40.20,BATIDORA,20,3,0,0,21%
8509.40.10,LICUADORA,20,3,0,0,21%
8508.70.00,Partes de aspiradora,12.6,0,0,0,21%
8508.70.00,SET PARTES ASPIRADORA,14,0,0,0,21%
8508.70.00,PARTES ASPIRADORA,14,0,0,0,21%
8508.60.00,ASPIRADORA,14,3,0,0,"10,50%"
8508.19.00,aspiradora con motor electrico,20,3,0,0,21%
8508.11.00,aspiradora electrica,20,3,0,0,21%
8508.11.00,ASPIRADORA ROBOT Y ACCESORIOS,20,3,0,0,21%
8508.11.00,ASPIRADORA ROBOT,20,3,0,0,21%
8507.80.00,ACUMULADORES,18,3,0,0,21%
8507.80.00,BATERIA NOTEBOOK,16,3,0,0,21%
8507.60.00,KIT 3 BATERIAS Y CARGADOR,16,3,0,0,21%
8507.60.00,PACK 2 BATERIAS,16,3,0,0,21%
8507.60.00,PACK 2 BATERIAS CAMARA,16,3,0,0,21%
8507.60.00,BATERIA CELULAR,16,3,0,0,21%
8507.60.00,BATERIA CAMARA,16,3,0,0,21%
8507.60.00,BATERIA DRONE,16,3,0,0,21%
8507.30.11,POWER BANK,18,3,0,0,21%
8507.10.90,BATERIA DE AUTOMOVIL,18,3,0,0,21%
8506.50.90,BATERIAS,16,3,0,0,21%
8506.50.90,BATERIAS,16,3,0,0,21%
8505.11.00,IMANES,16,3,0,0,21%
8504.90.40,CONVERSOR,14,3,0,0,21%
8504.90.40,CONVERTIDOR,14,3,0,0,21%
8504.50.00,INDUCTORES,18,3,0,0,21%
8504.50.00,BOBINAS,18,3,0,0,21%
8504.40.90,FUENTE,2,0,0,0,21%
8504.40.90,FUENTES 12V,2,3,0,0,21%
8504.40.90,KIT FUENTE DE ALIMENTACION Y CABLES CONE,2,0,0,0,21%
8504.40.90,KIT FUENTE DE ALIMENTACION Y MAZO DE CAB,2,0,0,0,21%
8504.40.90,KIT DE 3 FUENTES DE ALIMENTACION,2,0,0,0,21%
8504.40.90,FUENTE ALIMENTACION KIT,2,0,0,0,
8504.40.90,KIT DE 3 FUENTES DE ALIMENTACION,2,0,0,0,21%
8504.40.40,UPS,12,0,0,0,"10,50%"
8504.40.10.000T,Cargadores,35,3,0,0,21%
8504.40.10,cargador de bateria,18,3,0,0,21%
8504.40.10,CARGADOR JOYSTICKS,18,3,0,0,21%
8504.40.10,REDUCTOR DE ENGRANAJE,18,3,0,0,21%
8504.40.10,CARGADOR C BATERIA,18,3,0,0,21%
8504.40.10,CARGADOR,18,3,0,0,21%
8504.40.10,CARGADOR CELULAR AUTO,18,3,0,0,21%
8504.31.11,TRANSFORMADOR DE INTENSIDAD,18,3,0,0,21%
8504.10.00,balasto de faros LED,18,3,0,0,21%
8503.00.90,ROTOR,14,0,0,0,21%
8503.00.90,PARTE DE MOTOR ELEC,14,3,0,0,21%
8503.00.90,motores elec y grup elec (partes),14,3,0,0,21%
8503.00.10,ROTORES DE MOTOR ELECTRICO,14,3,0,0,21%
8501.51.90,MS DIG,12,3,0,0,21%
8501.51.90,SERVO DIGITAL,14,0,0,0,21%
8501.40.19,Los demás motores de corriente alterna,18,3,0,30,21%
8501.32.20,GENERADORES EOLICOS,18,3,0,0,21%
8501.31.10.900J,Los demas motores,18,3,0,0,21%
8501.10.90,MOTOR,12,0,0,0,21%
8501.10.29,GENERADOR CORRIENTE ALTERNA,18,3,0,0,21%
8501.10.19,MOTOR C SOPORTE,18,3,0,0,21%
8501.10.19,MOTOR,18,3,0,0,21%
8501.10.19,SERVO MOTOR,18,3,0,0,21%
8501.10.19,KIT MOTOR CON RUEDA,18,3,0,0,21%
8501.10.11,CONJUNTO MOTOR Y DIRVER,0,0,0,0,"10,50%"
8487.90.00,RETEN,14,3,0,0,21%
8487.90.00,Maq hidraulica (partes),14,3,0,0,21%
8487.10.00,HELICE BARCO,14,0,0,0,21%
8485.90.00.000F,PARTE DE IMPRESSORA 3D,2,0,0,0,21%
8484.90.00,JUNTAS SELLADORAS METALICAS,16,3,0,0,21%
8484.90.00,JUNTAS,16,3,0,0,21%
8484.10.00,JUNTAS METALOPLASTICAS,16,3,0,0,21%
8483.90.00,JUEGO PERNO CORONA,14,3,0,0,21%
8483.90.00,DISCO DE FRENO,14,3,0,0,21%
8483.90.00,CORONA,14,3,0,0,21%
8483.90.00,KIT DE ENGRANAJES,14,0,0,0,21%
8483.90.00,ENGRANAJE,14,3,0,0,21%
8483.60.90,PARTE DE TRANSMISION,14,3,0,0,21%
8483.60.19,EMBRAGUE VENTILACION,12,3,0,0,21%
8483.50.90,PARTES DE TRANSMISION,16,3,0,0,21%
8483.50.90,POLEAS,16,3,0,0,21%
8483.40.90,ENGRANAJES,12.6,0,0,0,21%
8483.30.90,BUJES,16,3,0,0,21%
8483.30.29,COJINETES,16,3,0,0,21%
8483.10.30,ARBOL DE TRANSMISION,16,3,0,0,21%
8483.10.30,ARBOL DE TRANSMICION,16,3,0,0,21%
8483.10.30,ARBOL DE TRANSMISION,16,3,0,0,21%
8483.10.20,ARBOL DE LEVAS,16,3,0,0,21%
8482.80.00,RODAMIENTOS A,16,3,0,0,21%
8482.20.10,Rodamientos de rodillos,16,3,0,0,21%
8482.10.10,RODAMIENTOS,16,3,0,0,21%
8481.90.90,PARTE DE VALVULA,12.6,0,0,0,21%
8481.90.10,ART DE GRIFERIA,16,3,0,0,21%
8481.80.99,PICO PLASTICO,14,0,0,0,21%
8481.80.92,VALVULA SOLENOIDE KIT 6 UNID,14,0,0,0,21%
8481.80.92,VALVULA SOLENOIDE,14,0,0,0,21%
8481.80.19,ART DE GRIFERIA PARA BAÑO O COCINA,18,3,0,0,21%
8481.80.19,ART DE GRIFERIA PARA BAÑO O COCINA,18,3,0,0,21%
8481.40.00,VALVULA,14,3,0,0,21%
8481.40.00,VALVULAS,14,3,0,0,21%
8481.30.00,VALVULA DE PRESION,14,3,0,0,21%
8481.10.00,VALVULA REDUC,12.6,0,0,0,21%
8479.90.90,PARTES MAQUINAS,14,3,0,0,21%
8479.89.99,ROBOT MINI,14,0,0,0,"10,50%"
8479.89.99,LIMPIADOR DE PISCINA,14,0,0,0,"10,50%"
8479.89.99,HUMIDIFICADOR,14,3,0,0,"10,50%"
8479.89.99,TRITURADORA RESIDUOS,14,3,0,0,"10,50%"
8479.89.99,MAQ DESARMADORA DE NEUMATICOS,14,0,0,0,"10,50%"
8479.89.99,LIMPIAVIDRIOS ROBOT,14,0,0,0,21%
8479.89.99,APTO MECANICO PARTE,14,3,0,0,"10,50%"
8479.82.90,PISTOLA DISPENSADORA,12.6,0,0,0,"10,50%"
8479.50.00,MAQUINA DE LIMPIEZA,14,3,0,0,"10,50%"
8479.10.90,MAQUINA,14,3,0,0,21%
8477.90.00,PARTE IMPRESORA 3D,14,0,0,0,21%
8477.80.90,LAPIZ IMPRESION 3D,14,0,0,0,"10,50%"
8477.80.90,MAQUINA PARA CORTE,14,0,0,0,"10,50%"
8477.80.90,IMPRESOSRA 3D,14,0,0,0,"10,50%"
8473.50.90,ADAPTADOR C 7 IN 1,0,0,0,0,"10,50%"
8473.50.50,PLACA MODULO,0,3,0,0,"10,50%"
8473.50.35,CARTUCHOS,0,3,0,0,"10,50%"
8473.50.35,CARTUCHOS,0,3,0,0,"10,50%"
8473.40.90,PARTES DE CONTADORA DE BILLETES,0,0,0,0,"10,50%"
8473.30.99,PC ACCESORIOS,0,3,0,0,"10,50%"
8473.30.99,MAQ PROC PARTES,8,3,0,0,"10,50%"
8473.30.99,KIT REPUESTOS TECLADO,0,0,0,0,"10,50%"
8473.30.99,ACC DE PC,0,3,0,0,"10,50%"
8473.30.99,PARTE DE PC,8,3,0,0,"10,50%"
8473.30.99,PROGRAMADOR DE MEMORIAS,0,0,0,0,"10,50%"
8473.30.99,KIT REPUESTO LAPIZ TABLET (4 UN),0,0,0,0,"10,50%"
8473.30.99,KIT PROGRAMACION,0,0,0,0,"10,50%"
8473.30.92,PANTALLA TABLET CON KIT INSTALACION,0,0,0,0,"10,50%"
8473.30.92,PANTALLA TABLET,0,0,0,0,"10,50%"
8473.30.92,DISPLAY PANTALLA,0,0,0,0,"10,50%"
8473.30.90,PART Y ACC PARA PC Y TABLET,0,0,0,0,"10,50%"
8473.30.49,KIT 6 PLACAS MINERIA CON CABLES CONEXION,0,0,0,0,"10,50%"
8473.30.49,PLAQUETA,0,0,0,0,"10,50%"
8473.30.49,PLACAS COMPUTACION,0,0,0,0,"10,50%"
8473.30.49,PLAQUETA COMPUTACION,0,3,0,0,
8473.30.49,ADAPTADOR NOTEBOOK,0,0,0,0,"10,50%"
8473.30.49,PLACAS P/MINERIA CON CABLES DE CONEXION,0,0,0,0,"10,50%"
8473.30.49,ACCESORIO COMPUTADORA,0,0,0,0,"10,50%"
8473.30.49,PARTES COMPUTADORA,0,0,0,0,"10,50%"
8473.30.42,PLACA DE MEMORIA,0,0,0,0,"10,50%"
8473.30.42,PLACA MEMORIA KIT 2 UNID,0,0,0,0,"10,50%"
8473.30.42,KIT 2 PLACAS DE MEMORIA,0,0,0,0,"10,50%"
8473.30.41,PLACA MADRE,0,0,0,0,"10,50%"
8473.30.41,PART ACC DE COMPUTACION,12,3,0,0,"10,50%"
8473.30.41,MOTHERBOARD,0,0,0,0,"10,50%"
8473.30.39,ACC PARA NOTEBOOK,0,3,0,0,"10,50%"
8473.30.19,GABINETE,0,0,0,0,"10,50%"
8473.30.19,CONVERSORES,10,3,0,0,"10,50%"
8473.30.11,PLACAS DE VIDEO,0,0,0,0,"10,50%"
8472.90.30,CONTADORA DE BILLETE,2,0,0,0,"10,50%"
8471.90.90,LECTOR TARJETA MAGNETICA,0,3,0,0,"10,50%"
8471.90.19,LECTOR DE MEMORIAS,0,3,0,0,"10,50%"
8471.90.14,SCANNER,0,0,0,0,"10,50%"
8471.90.12,LECTORA CODIGO DE BARRA,0,3,0,0,"10,50%"
8471.80.00,REPLICADOR PUERTOS,0,0,0,0,"10,50%"
8471.80.00,PLACAS DE VIDEO,0,0,0,0,"10,50%"
8471.70.90,UNIDAD SSD,0,0,0,0,"10,50%"
8471.70.90,LOS DEMAS DISCOS RIGIDOS,0,0,0,0,"10,50%"
8471.70.90,ACCESORIOS COMPUTACION,0,3,0,0,"10,50%"
8471.70.90,MEMORIAS SSD KIT 9 UNID,0,0,0,0,"10,50%"
8471.70.90,ESTACION DE DISCOS RIGIDOS,0,0,0,0,"10,50%"
8471.70.90,UNIDAD DE MEMORIA INTERNA SATA,0,0,0,0,"10,50%"
8471.70.29,LECTOGRABADORA,0,3,0,0,"10,50%"
8471.70.29,GRABADORA DE DVD,2,3,0,0,"10,50%"
8471.70.21,discos para lectura de datos,2,3,0,0,"10,50%"
8471.70.19,DISCOS RIGIDOS. LOS DEMAS,0,0,0,0,"10,50%"
8471.70.19,DISCOS RIGIDOS KIT 9 UNIDADES,0,0,0,0,"10,50%"
8471.70.19,unidad de memoria automatizada,8,3,0,0,"10,50%"
8471.70.12,DISCOS RIGIDOS,0,0,0,0,"10,50%"
8471.70.12,DISCO EXTERNO,8,3,0,0,"10,50%"
8471.70.12,NOTEBOOK,16,0,0,0,"10,50%"
8471.60.90,TABLETA P DIBUJAR,16,0,0,0,"10,50%"
8471.60.59,LAPIZ TABLET,0,0,0,0,"10,50%"
8471.60.59,PERIFERICOS DE PC,0,3,0,0,"10,50%"
8471.60.59,LAPIZ OPTICO,12,3,0,0,"10,50%"
8471.60.59,ACC COMPUTACION,0,3,0,0,"10,50%"
8471.60.53.000Q,mouse,0,0,0,0,"10,50%"
8471.60.53,TRACK PAD,0,0,0,0,"10,50%"
8471.60.53,MOUSE,0,0,0,0,"10,50%"
8471.60.53,TOUCH PAD,0,0,0,0,"10,50%"
8471.60.52,TECLADO CON FUNDA,0,0,0,0,"10,50%"
8471.60.52,KIT TECLADO/MOUSE,0,0,0,0,"10,50%"
8471.60.52,TECLADO,0,0,0,0,"10,50%"
8471.50.90,SERVIDOR,0,0,0,0,"10,50%"
8471.50.90,UNIDADES DE PROCESAR DATOS PC,0,0,0,0,"10,50%"
8471.50.90,UNIDAD SSD SATA,0,0,0,0,"10,50%"
8471.50.10,MINI PC,0,0,0,0,"10,50%"
8471.49.00,COMPUTADORA ALL IN ONE,0,0,0,0,"10,50%"
8471.49.00,CPU 1,0,3,0,0,0%
8471.49.00,CPU,0,0,0,0,"10,50%"
8471.49.00,COMPU ALL IN ONE REFURB,32,0,0,0,"10,50%"
8471.41.90,COMPUTADORA,0,0,0,0,"10,50%"
8471.41.00,CPU,16,0,0,0,"10,50%"
8471.30.90,NOTEBOOK,16,0,0,0,"10,50%"
8471.30.90,NOTEBOOK REFURBISHED,32,0,0,0,"10,50%"
8471.30.90,KIT NOTEBOOK / MEMORIA MICRO SD,0,0,0,0,"10,50%"
8471.30.90,TABLETS,16,0,0,0,"10,50%"
8471.30.19,TABLET,16,0,0,0,"10,50%"
8471.30.19,MAQUINA P DE DATOS,16,3,0,0,"10,50%"
8471.30.19,MINI PC,16,0,0,0,"10,50%"
8471.30.12,NOTEBOOKS,16,0,0,0,"10,50%"
8471.30.12,NOTEBOOK,16,0,0,0,"10,50%"
8471.30.12,NOTEBOOK REFURBISHED,32,0,0,0,"10,50%"
8471.30.12,TABLET CON BOLIGRAFO,16,0,0,0,"10,50%"
8471.30.12,NOTEBOOK Y LAPIZ,0,0,0,0,"10,50%"
8471.30.12,UNIDAD PROCESAR DATOS,16,0,0,0,"10,50%"
8471.30.12,SET TABLET/TECLADO/LAPIZ/MOUSE,0,0,0,0,"10,50%"
8471.30.12,KIT NOTEBOOK; CABLES (2); MOUSE Y LAPIZ,0,0,0,0,"10,50%"
8471.30.12,SET TABLET/FUNDA/TECLADO/MOUSE/LAPIZ/PRO,0,0,0,0,"10,50%"
8471.30.11,MAQUINAS PORTATILES,0,3,0,0,"10,50%"
8470.50.19,TERMINAL DE PAGO POSNET,0,0,0,0,"10,50%"
8470.10.00,CALCULADORAS,20,3,0,0,21%
8468.10.00,SOPLETE FLAMBEADOR,16,3,0,0,21%
8467.92.00,PARTES HERRAMIENTA NEUMATICA,14,3,0,0,21%
8467.29.99,AMOLADORA,20,3,0,0,21%
8467.29.92,DESTORNILLADOR ELECTRICO,35,3,0,0,21%
8467.29.92,ROSCADORA DE TUBO ELEC MANUAL P/AUTO SET,35,3,0,0,21%
8467.21.00.000P,TALADRO ELECTRICO,20,3,0,0,21%
8467.21.00,KIT TALADRO ATORNILLADOR Y ACCS,20,3,0,0,21%
8467.21.00,KIT 2 HERRAMIENTAS MANUALES C/BOLSO,20,3,0,0,21%
8467.21.00,KIT 5 HERRAMIENTAS MANUALES C/BOLSO,20,3,0,0,21%
8467.19.00,HERRAMIENTA NEUMAT. LAS DEMAS,14,3,0,0,"10,50%"
8467.11.90,Lijadora inalámbrica,2,0,0,0,"10,50%"
8466.94.90,KNIFE GRINDING BUFFER,12.6,0,0,0,21%
8466.93.60,ACCESORIOS MAQ HERRAMIENTA,14,3,0,0,21%
8466.93.40,PARTES Y ACCS FRESADORA,14,0,0,0,21%
8466.93.30,ACCESORIO MINI TORNO,14,0,0,0,21%
8466.92.00,ACCESORIO FRESADORA,14,0,0,0,21%
8465.99.00,MAQUINA HERRAMIENTA,14,3,0,0,"10,50%"
8464.90.90,CORTADORA VIDRIO PROTECTOR,14,0,0,0,"10,50%"
8460.90.90,PULIDORA,14,0,0,0,"10,50%"
8460.19.00,MAQ DE RECTIF SUPERF LAS DEMAS,14,3,0,0,"10,50%"
8456.11.90,MAQUINA GRABADORA LASER,14,0,0,0,"10,50%"
8456.11.90,MAQUINA PARA MARCADO POR LASER,12.6,0,0,0,"10,50%"
8452.10.00,MAQUINA DE COSER,20,3,0,0,
8452.10.00,maquina de coser domestica,20,3,0,0,21%
8451.90.90,flat link,16,3,0,0,21%
8451.80.00,MAQ SUBLIMADORA,2,0,0,0,"10,50%"
8450.19.00.000W,MAQUINA DE LAVAR ROPA,20,3,0,0,21%
8448.49.90,sensor for taxis,12.6,0,0,0,21%
8443.99.50,ACC Y PARTES IMPRESION,8,0,0,0,21%
8443.99.50,ACCESORIOS PLOTTER,0,3,0,0,21%
8443.99.49,PARTES IMPRESORA TERMICA,0,0,0,0,21%
8443.99.42,CABEZALES DE IMPRESION TERMICA,0,0,0,0,21%
8443.99.33,CARTUCHO TONER,0,3,0,0,21%
8443.99.33,CARTUCHO TONER,0,3,0,0,21%
8443.99.23,CARTUCHOS DE TINTA,0,0,0,0,"10,50%"
8443.99.22,PARTE DE IMPRESORA,0,0,0,0,"10,50%"
8443.91.99,PARTE DE IMPRESORA R,12,0,0,0,"10,50%"
8443.32.99,IMPRESORA PORTATIL CP,0,0,0,0,"10,50%"
8443.32.39,IMPRESORA TERMICA,0,0,0,0,"10,50%"
8443.31.19,IMPRESORAS,12,3,0,0,21%
8443.31.11,IMPRESORA PORATIL,0,0,0,0,21%
8441.90.00,PARTES TROQUELADORA,14,0,0,0,21%
8441.80.00,MAQ TROQUELADORA,2,0,0,0,"10,50%"
8441.80.00,TROQUELADORA,2,3,0,0,"10,50%"
8440.90.00,PARTES M ENCUAD,2,0,0,0,21%
8438.10.00,MAQUINA PARA HACER PASTAS,10,0,0,0,"10,50%"
8436.80.00,BEBEDERO AUTOMATICO,12.6,0,0,0,"10,50%"
8433.90.90,Maq agricola (partes las demas),14,3,0,0,21%
8433.20.90,GUADAÑADORA,35,3,0,0,21%
8433.20.90,PARTE DE GUADAÑADORA,35,3,0,0,21%
8433.19.00,cortadora cesped,18,3,0,0,21%
8433.19.00,BORDEADORA CON ACCESORIOS,18,3,0,0,21%
8433.19.00,PARTE DE BORDEADORA,18,3,0,0,21%
8431.49.29,Partes de maquinas 8425 a 8430,0,0,0,0,21%
8431.49.10,PARTE DE MAQUINA,14,3,0,0,21%
8431.49.10,PARTE DE MAQUINA,14,3,0,0,21%
8431.49.10,PARTE DE MAQUINA VIAL,14,3,0,0,21%
8431.20.90,PARTES APILADORAS,14,0,0,0,21%
8431.20.90,PARTE AUTOELEVADOR,14,0,0,0,21%
8431.20.19,PARTE DE ELEVADORES,14,3,0,0,21%
8431.20.11,PARTE DE AUTOELEVADOR,0,3,0,0,0%
8426.91.00,CARRETILLA,14,3,0,0,"10,50%"
8425.49.90,GATO ELECT. P/AUTO Y ACC,12.6,0,0,0,"10,50%"
8425.19.10,POLIPASTO,16,3,0,0,21%
8424.90.90,PARTES DE HIDROLAVADORAS,12.6,0,0,0,21%
8424.89.90,AP PULVERIZADOR,14,3,0,0,"10,50%"
8424.89.90,IRRIGADOR HIGIENE BUCAL,14,3,0,0,"10,50%"
8424.89.10,APARATO DE PULVERIZACION,16,3,0,0,"10,50%"
8424.82.29,SISTEMA DE RIEGO,14,0,0,0,"10,50%"
8424.30.90,maquina de limpieza a vapor,12.6,0,0,0,"10,50%"
8424.20.00,PISTOLAS AEROGRAFICAS,14,0,0,0,"10,50%"
8424.10.00,MAQUINA PARA PINTAR,16,3,0,0,21%
8423.89.00,BALANZA,14,0,0,0,"10,50%"
8423.10.00,BALANZA DOMESTICA,20,3,0,0,21%
8421.99.99,aparatos para depurar líquido y gases,12.6,0,0,0,21%
8421.99.99,ELEMENTOS FILTRANTES PARTES,12.6,0,0,0,21%
8421.99.99,PARTES Y ACC DE APARATOS DE FILTRADO,12.6,0,0,0,21%
8421.39.90,PURIFICADOR DE AIRE,25,0,0,0,21%
8421.39.10,APARATO FILTRANTE,14,0,0,0,"10,50%"
8421.31.00.000K,filtro de aire,16,3,0,0,21%
8421.31.00,FILTROS DE AIRE,16,3,0,0,21%
8421.31.00,KIT FILTRO DE AIRE,16,3,0,0,21%
8421.31.00,FILTROS,16,3,0,0,21%
8421.23.00,FILTROS DE ACEITE,16,3,0,0,21%
8421.21.00,KIT FILTROS DE AGUA,14,0,0,0,21%
8421.21.00,FILTRO DE AGUA,14,0,0,0,21%
8421.21.00,FITRO DE AGUA,12.6,0,0,0,21%
8421.21.00,ROBOT DE FILTRADO PARA PILETA,12.6,0,0,0,"10,50%"
8419.89.99,PISTOLA ENCOLADORA,14,0,0,0,"10,50%"
8419.89.99,CONTROLADORES,14,3,0,0,"10,50%"
8419.89.19.000G,ESTERILIZADOR,12.6,0,0,0,"10,50%"
8419.50.90,CIRCULADOR DE INMERSION,12.6,0,0,0,"10,50%"
8419.50.21,INTERCOOLER,14,0,0,0,"10,50%"
8419.50.10,INTERCAMBIADOR DE CALOR,14,3,0,0,"10,50%"
8418.99.00,CONDENSADOR,14,0,0,0,21%
8418.99.00,CONDENSADOR A/A P/AUTOMOVILES,14,3,0,0,21%
8418.99.00,EVAPORADOR DE A/A PARA VEHICULOS,14,3,0,0,21%
8418.99.00,EVAPOR A/A PARA VEHICULOS,14,3,0,0,21%
8418.69.99,MAQUINA DOMESTICA PARA PRODUCIR HIELO,12.6,0,0,0,"10,50%"
8418.69.99,MAQ PARA FABRICAR HIELO,12.6,0,0,0,"10,50%"
8418.69.40,MAQUINA PARA REFRIGERACION,4,3,0,0,21%
8418.69.32,DISPENSER DE LIQUIDOS,18,3,0,0,21%
8418.69.31,SURTIDORA DE AGUA,18,3,0,0,21%
8418.21.00,REFRIGERADOR,20,3,0,0,21%
8415.90.90,PARTE EQUIPO AIRE VEHICUILO,14,0,0,0,21%
8415.82.90,AIRE ACONDICIONADO PORTATIL,14,0,0,0,"10,50%"
8414.90.39.900P,PARTES DE COMPRESORES,12.6,0,0,0,21%
8414.90.39,PARTE DE COMPRESOR,12.6,0,0,0,21%
8414.90.20,PARTES DE VENTILACION,12.6,3,0,0,21%
8414.90.10,PARTES BOMBAS,14,3,0,0,21%
8414.80.21,TURBO ALIMENTADOR,14,3,0,0,21%
8414.80.19,COMPRESOR,14,3,0,0,"10,50%"
8414.59.90,FAN COOLER,35,0,0,0,21%
8414.59.90,EXTRACTOR,35,0,0,0,21%
8414.59.10,MICROVENTILADOR,0,3,0,0,21%
8414.51.90.900K,VENTILADOR,20,3,0,0,21%
8414.51.90,VENTILADOR COOLER,35,3,0,0,21%
8414.51.90,VENTILADOR DE TECHO,35,3,0,0,21%
8414.40.90,COMPRESORES,14,0,0,0,"10,50%"
8414.30.91,COMPRESOR A/A,18,3,0,0,21%
8414.20.00,INFLADOR,18,3,0,0,21%
8413.91.90,PARTE DE BOMBAS,12.6,0,0,0,21%
8413.81.00,BOMBA DE AGUA SUMERGIBLE KIT X 4 UNIDADE,14,3,0,0,
8413.70.10,BOMBA CENTRIFUGA SUMERGIBLE,12.6,0,0,0,21%
8413.70.10,BOMBA CENTRIFUGA SUMERGIBLE,12.6,0,0,0,21%
8413.60.11,BOMBA,14,3,0,0,21%
8413.60.11,BOMBA,14,3,0,0,21%
8413.30.90,BOMBA COMBUSTIBLE,18,3,0,0,21%
8413.30.90,BOMBA ACEITE,18,3,0,0,21%
8413.30.90,BOMBA DE AGUA,18,3,0,0,21%
8413.30.90,KIT DE BOMBA Y CORREA DIST.,18,3,0,0,21%
8413.30.30,BOMBA DE ACEITE,18,3,0,0,21%
8413.30.20,INYECTOR,18,3,0,0,21%
8413.30.10,BOMBA INYECTORA,18,3,0,0,21%
8413.30.10,BOMBA DE PRESION,18,3,0,0,21%
8412.90.90,CILINDRO HIDRAULICO,14,0,0,0,21%
8412.31.90,KNIFE SHARPENING CYLINDER,12.6,0,0,0,21%
8409.99.99,PARTES MOTOR EMBARCACIONES,16,3,0,0,21%
8409.99.99,PARTE MOTOR LANCHA,16,3,0,0,21%
8409.99.99,KIT REPARACION CARBURADOR,16,3,0,0,21%
8409.99.99,PATA MOTOR BARCO,16,3,0,0,21%
8409.99.99,KIT TURBO PARA MOTO 62 PIEZAS,16,3,0,0,21%
8409.99.99,PARTE DE MOTORES,16,3,0,0,21%
8409.99.79,ARO,16,3,0,0,21%
8409.99.79,ARO,16,3,0,0,21%
8409.99.69,INYECTORES,16,3,0,0,21%
8409.99.29,PARTES DE MOTOR,16,3,0,0,21%
8409.99.15,MULTIPLES,16,3,0,0,21%
8409.99.15,MULTIPLES DE ADMISION O ESCAPE,16,3,0,0,21%
8409.99.14,VALVULAS,16,3,0,0,21%
8409.99.12,PARTE DE MOTOR,16,3,0,0,21%
8409.91.90,PARTES DE MOTORES,16,3,0,0,21%
8409.91.40,Sistemas de inyección electrónica,16,0,0,0,"10,50%"
8409.91.20,PISTONES SET,16,3,0,0,21%
8409.91.18,LOS DEMAS CARBURADORES,16,3,0,0,21%
8409.91.18,PISTON,16,3,0,0,21%
8409.91.18,CARBURADORES,16,3,0,0,21%
8409.91.16,JUEGO DE AROS,16,3,0,0,21%
8409.91.12,TAPA DE BLOCK,16,3,0,0,21%
8409.91.11,BIELAS,16,3,0,0,21%
8409.10.00,Partes de motores de,0,0,0,0,21%
8407.90.00,MOTOR KIT,2,3,0,0,"10,50%"
8407.32.00,MOTOR A EXPLOSION 4T,18,3,0,0,21%
8308.90.90,Los demás hebillas incl las partes,16,3,0,0,21%
8308.90.10,PARTES DE HEVILLAS,16,3,0,0,21%
8307.90.00,CABLE ACELERADOR/FRENO/EMBRAGUE,16,3,0,0,21%
8306.29.00,ESTATUILLAS,16,3,0,0,21%
8305.90.00,CLIPS METALICOS,16,3,0,0,21%
8302.50.00,COLGADORES Y SOPORTES METALICOS,35,3,0,0,21%
8302.41.00,PICAPORTE,35,3,0,0,21%
8302.30.00,HERRAJES,16,3,0,0,21%
8302.20.00,RUEDAS PARA MUEBLES,16,3,0,0,21%
8301.40.00,CERRADURAS PARA NOTEBOOK,16,3,0,0,21%
8301.20.00,LLAVES PARA VEHICULOS,16,3,0,0,21%
8301.20.00,cerradura de automovil,16,3,0,0,21%
8301.10.00,CANDADO,16,3,0,0,21%
8215.99.90,ARTICULOS DE USO DOMESTICO,18,3,0,0,21%
8215.99.90,ART USO DOMESTICO TENEDOR,18,3,0,0,21%
8215.20.00,LOS DEMAS SURTIDOS,18,3,0,0,21%
8215.20.00,CUCHARONES DE ACERO INOX,18,3,0,0,21%
8214.20.00.300X,kit alicate para uñas,18,3,0,0,21%
8214.20.00.190Q,Herramientas de pedicura,18,3,0,0,21%
8214.20.00,herramientas de pedicura,18,3,0,0,21%
8213.00.00,TIJERA,18,3,0,0,21%
8211.93.90,CUCHILLOS,18,3,0,0,21%
8211.92.90,CHAIRA,18,3,0,0,21%
8208.90.00,CUCHILLAS,16,3,0,0,21%
8208.30.00,CUCHILLA/RODILLO PARA MAQ ALIMENTICIA,16,3,0,0,21%
8208.10.00,ROUND BLADE,16,3,0,0,21%
8207.90.00,UTILES DE FRESAR,18,3,0,0,21%
8207.90.00,UTILES INTERCAMB,18,3,0,0,21%
8207.90.00,UTILES INTERCAMBIABLES,18,3,0,0,21%
8207.90.00,VASTAGOS DE DESTORNILLADORES,18,3,0,0,21%
8207.80.00,SET PUNTAS PARA TORNO,18,3,0,0,21%
8207.50.19,SET BROCAS,18,3,0,0,21%
8207.50.19,BROCAS,18,3,0,0,21%
8206.00.00.900T,MULTIHERRAMIENTA,18,3,0,0,21%
8205.90.00,HERRAMIENTAS KIT 4 UNIDADES,18,3,0,0,21%
8205.90.00,HERRAMIENTA DE MANO,18,3,0,0,21%
8205.90.00,HERRAMIENTA DE MANO KIT,18,3,0,0,21%
8205.90.00,JUEGO DE HERRAMIENTAS,18,3,0,0,21%
8205.59.00.900C,HERRAMIENTAS DE MANO,18,3,0,0,21%
8205.59.00,ESPATULA DE METAL,18,3,0,0,21%
8205.40.00,SET DESTORNILLADORES,18,3,0,0,21%
8205.10.00,TERRAJAS,18,3,0,0,21%
8204.20.00,Kit Herramienta tubos,18,3,0,0,21%
8204.11.00,Las demas herramientas llaves,18,3,0,0,21%
8203.30.00,CUCHILLAS,16,3,0,0,21%
8203.30.00,LAS DEMAS HERRAMIENTAS,18,3,0,0,21%
8203.30.00,HERRAMEINTAS TELEFONIA,18,3,0,0,21%
8203.20.10,kit alicates,18,3,0,0,21%
8201.60.00,TIJERA DE PODAR ELECTRICA,18,3,0,0,21%
8007.00.90,ESTAÑO EN PASTA,16,3,0,0,21%
7616.99.00,SOPORTE ALUMINIO KIT X 2 UNID.,12,3,0,0,21%
7616.99.00,DISIPADOR DE CALOR,14,3,0,0,21%
7616.99.00,MANUF DE ALUMINIO,12.6,3,0,0,21%
7616.99.00,KIT CAPSULAS P CAFETERA,14,3,0,0,21%
7616.99.00,Las demás manufacturas de aluminio,12.6,3,0,0,21%
7615.10.00.999A,OLLA DE ALUMINIO,16,3,0,0,21%
7606.11.90.000A,BANDEJA DE ALUMINIO,10.8,3,0,0,21%
7419.99.90,MANUFACT DE BRONCE,16,3,0,0,21%
7419.99.90,ANODO,16,3,0,0,21%
7415.33.00,KIT DE PERNOS Y BUJES,14,3,0,0,
7415.33.00,PERNOS,14,3,0,0,21%
7326.90.90,CHAVETAs,18,3,0,0,21%
7326.90.90,KIT MONTAJE,18,3,0,0,21%
7326.90.90,ABRAZADERA,18,3,0,0,21%
7326.90.90,MANUFACTURAS DE METAL,18,3,0,0,21%
7326.90.90,KIT 2 SOPORTES METALICOS,18,3,0,0,21%
7326.90.90,SOPORTE METALICO,18,3,0,0,21%
7326.90.90,LLAVEROS METALICOS,18,3,0,0,21%
7326.90.90,"MANUF METALICAS, SEPARADORES",18,3,0,0,21%
7326.20.00,MANUFACTURAS METALICAS,18,3,0,0,21%
7326.19.00,MANUFAC DE METAL,19,3,0,0,0%
7326.19.00,MANUFACT DE METAL,18,3,0,0,21%
7325.99.90,MANUFACTURA DE METAL,18,3,0,0,21%
7325.99.90,LAS DEMAS MANUFACTURAS DE METAL,18,3,0,0,21%
7325.99.10,MANUF DE METAL,18,3,0,0,21%
7325.99.10,PARTE TELEFONO BANDEJA SIM,18,3,0,0,21%
7324.90.00,PARTES DE DUCHA Y HIGIENE,18,3,0,0,21%
7324.10.00,PILETAS Y DEMAS ART DE ACERO INOX,18,3,0,0,21%
7323.99.00,ART DOMESTICOS,18,3,0,0,21%
7323.99.00,JUEGO OLLAS Y SARTENES,18,3,0,0,21%
7323.99.00,SARTEN PAELLERA,18,3,0,0,21%
7323.93.00,TAZA DE METAL,35,3,0,0,21%
7323.93.00,VASO METALICO,35,3,0,0,21%
7323.93.00,COCTELERA,35,3,0,0,21%
7323.93.00,ESCURRIDOR PLATOS,35,3,0,0,21%
7323.93.00,PAVA ACERO INOX.,35,3,0,0,21%
7323.93.00,OLLAS CACEROLAS ETC,35,3,0,0,21%
7323.10.00,ESPONJA DOMESTICA,18,3,0,0,21%
7323.10.00,ART USO DOMESTICO CORTADOR,18,3,0,0,21%
7323.10.00,ART USO DOMESTICO SACA SEMILL,18,3,0,0,21%
7323.10.00,ART USO DOMEST PINZA,18,3,0,0,21%
7323.10.00,ART USO DOMEST CORTADOR,18,3,0,0,21%
7322.90.10.000W,CALENTADOR DE AIRE DIESEL,0,3,0,0,21%
7320.90.00,RESORTES VS,16,3,0,0,21%
7320.20.90,RESORTES SET,16,3,0,0,21%
7319.90.00,AGUJAS DE TEJER,16,3,0,0,21%
7318.29.00,clamp,16,3,0,0,21%
7318.24.00,PASADORES,16,3,0,0,21%
7318.23.00,REMACHES,16,3,0,0,21%
7318.23.00,KIT 100 UNID REMACHES,16,3,0,0,21%
7318.22.00,ARANDELA,16,3,0,0,21%
7318.22.00,ARANDELA,16,3,0,0,21%
7318.21.00,RESORTE M SET,16,3,0,0,21%
7318.19.00.900V,Los demás artículos roscados,16,3,0,0,21%
7318.16.00,TUERCAS,25,3,0,0,21%
7318.16.00,PACK 10 UNID TUERCAS,25,3,0,0,21%
7318.15.00,TORNILLOS,25,3,0,0,21%
7318.15.00,TORNILLOS SET,25,3,0,0,21%
7318.15.00,TORNILLOS,25,3,0,0,21%
7315.89.00,KIT CADENA DE DISTRIBUCION,14,3,0,0,21%
7315.12.10,CADENA,14,3,0,0,21%
7311.00.00,RECIPIENTE DE ACERO,12.6,3,0,0,21%
7310.29.90,CAJA METALICA,14,3,0,0,21%
7308.90.90,PILARES DE METAL,14,3,0,0,21%
7307.19.10,CUPLAS,14,3,0,0,21%
7207.19.00,Productos intermedios de hierro o acero,7.2,3,0,0,21%
7117.90.00.000V,Las demás Bisutería,35,3,0,0,21%
7117.90.00,BISUTERIA LAS DEMAS,35,3,0,0,21%
7117.19.00,BISUTERIA DE METAL,18,3,0,0,21%
7117.19.00,BIJUTERIA,18,3,0,0,21%
7117.19.00,BISUTERIA,18,3,0,0,21%
7117.19.00,BISUTERIA DE METAL COMUN,35,3,0,0,21%
7019.90.90,MANUFACT FIBRA DE VIDRIO,12,3,0,0,21%
7018.90.00,LAS DEMAS DE VIDRIO,18,3,0,0,21%
7018.90.00,ADORNO EXHIBIDOR DE VIDRIO,18,3,0,0,21%
7018.10.90,PIEDRAS DE VIDRIO,18,3,0,0,21%
7015.90.30,VIDRIOS PARA GAFAS,14,3,0,0,21%
7015.90.20,ANTIPARRA,14,3,0,0,21%
7013.42.10,CAFETERA VIDRIO,18,3,0,0,21%
7013.37.00,JUEGO DE COPAS,18,3,0,0,21%
7013.37.00,VASOS,18,3,0,0,21%
7011.10.29,ENVASE DE VIDRIO,10,3,0,0,21%
7009.92.00,"Espejos de vidrio, enmarcados o no",12.6,3,0,0,21%
7009.91.00,ESPEJO DOMOTICA,12,3,0,0,21%
7009.10.00.921Z,espejo retrovisor,12.6,3,0,0,21%
7007.19.00,PACK VIDRIOS PROTECTORES,12,3,0,0,21%
7007.19.00,VIDRIO PROTECTOR,12,3,0,0,21%
7007.19.00,VIDRIOS PROTECT (PACK 20 UNID),12,3,0,0,21%
6913.90.00,CENICERO,20,3,0,0,21%
6912.00.00,DISP CERAMICA BAÑO,20,3,0,0,21%
6912.00.00,PLATOS CERAMICA,20,3,0,0,21%
6912.00.00,VAJILLA CERAMICA,20,3,0,0,21%
6912.00.00,VAJILLA FUENTES,20,3,0,0,21%
6912.00.00,VASOS CERAMICOS,20,3,0,0,21%
6909.19.90,DISP CERAMICA,10,3,0,0,21%
6804.30.00,PIEDRAS PARA AFILAR,6,3,0,0,21%
6704.90.00,PARTE PELUCA,16,3,0,0,21%
6704.19.00,PESTANAS POSTIZAS,16,3,0,0,21%
6601.99.00,PARAGUAS,20,3,20,0,21%
6601.10.00,TOLDOS,21,3,0,0,21%
6505.00.90,PASAMONTANAS,20,3,0,0,21%
6505.00.90,BOINA,20,3,0,0,21%
6505.00.29,GORRO LANA,20,3,0,0,21%
6505.00.19,GORRAS,20,3,0,0,21%
6406.90.20,plantilla,18,3,0,0,21%
6406.90.20,PLANTILLAS P/CALZADO,18,3,0,0,21%
6406.20.00,suela de zapatilla,18,3,0,0,21%
6404.20.00,SANDALIAS,35,3,0,0,21%
6404.20.00,PANTUFLAS,35,3,0,0,21%
6404.20.00,ZAPATOS,35,3,0,0,
6404.19.00,ZAPATILLAS,35,3,0,0,21%
6404.19.00,zapatillas,20,3,0,0,21%
6403.91.90,CALZADO DEPORTIVO,35,3,0,0,21%
6403.91.90,BOTAS,35,3,0,0,21%
6403.19.00,BOTINES,35,3,0,0,21%
6401.99.10,TOBILLERA KIT,35,3,0,0,21%
6308.00.00,MANTEL,20,3,0,0,21%
6307.90.90,KIT TIRAS DE VELCRO,35,3,0,0,21%
6307.90.90,ACCESORIO TELA PARA FOTOGRAFIA,35,3,0,0,21%
6307.90.90,TAPABOCAS KIT 30 UNID,35,3,0,0,21%
6307.90.90,TAPABOCAS KIT 11 UNID,35,3,0,0,21%
6307.90.90,TAPABOCAS KIT 3 UNID,35,3,0,0,21%
6307.90.90,IMPERMEABLE PARA PERROS,35,3,0,0,21%
6307.90.90,CHALECO PARA PESCA,35,3,0,0,21%
6307.90.90,ACC LENTE REALIDAD VIRTUAL,35,3,0,0,21%
6307.90.90,TAPABOCAS,35,3,0,0,21%
6307.90.90,PULSERA DE TELA,35,3,0,0,21%
6307.90.90,MUESTRA TEXTIL,35,3,0,0,21%
6307.90.10,BARBIJOS,0,0,0,0,21%
6307.90.10,BANDERA,35,3,0,0,21%
6307.90.10,TAPABOCAS BARBIJOS,0,0,0,0,21%
6307.10.00,PANOS LIMPIEZA,35,3,0,0,21%
6306.90.00,CARPA,35,3,0,0,21%
6306.90.00,COLCHONETA INFLABLE,35,3,0,0,21%
6306.29.90,"Toldos, carpas, incluido Gazebos",35,3,0,0,21%
6305.90.00,BOLSAS PARA DADOS,35,3,0,0,21%
6305.33.90,ARTICULOS TEXTILES PARA ENVASADO,16,3,0,0,21%
6304.11.00,ACOLCHADO,35,3,0,0,21%
6302.60.00,ROPA.TOALLAS,35,3,0,0,21%
6302.60.00,ROPA TOALLAS,35,3,0,0,21%
6302.32.00.990D,LAS DEMAS ROPAS DE CAMA,35,3,0,0,21%
6302.21.00,JUEGO SABANAS,35,3,0,0,21%
6301.10.00,MANTA ELECTRICA,35,3,0,0,21%
6217.10.00,HOMBRERAS,35,3,0,0,21%
6216.00.00,GUANTES,35,3,0,0,21%
6212.90.00,ROPA INTERIOR,35,3,0,0,21%
6211.49.00,las demás materias textiles,20,3,0,0,21%
6211.42.00,CAMPERA,35,3,0,0,21%
6211.42.00,KIT CAMPERA/REMERA,35,3,0,0,21%
6211.42.00,DELANTAL,35,3,0,0,21%
6211.33.00,CAMPERA DEPORTIVA,35,3,0,0,21%
6210.20.00,ROPA IMPERMEABLE,35,3,0,0,21%
6210.10.00,ROPA PROTECCION,35,3,0,0,21%
6209.30.00.900Y,FUNDAS IMPERMEABLES,35,3,0,0,21%
6204.69.00,ROPA CALZA,35,3,0,0,21%
6204.39.00,SACOS MUJER,35,3,0,0,21%
6204.39.00,DEMAS PRENDAS,20,3,0,0,21%
6203.49.00,PANTALON HOMBRE,35,3,0,0,21%
6203.49.00,ROPA PANTALONES,35,3,0,0,21%
6203.39.00,SACOS HOMBRE,35,3,0,0,21%
6202.13.00,CAMPERAS,35,3,0,0,21%
6201.93.00,SOBRETODO,35,3,0,0,21%
6201.90.00,"DEMAS PRENDAS, ABRIGOS, ANORAKS, ETC",20,3,0,0,21%
6117.80.90,SET DE VINCHAS,35,3,0,0,21%
6117.80.10,ROPA CORBATA,35,3,0,0,21%
6117.10.00,ROPA BUFANDA,35,3,0,0,21%
6116.99.00,ROPA TOP,35,3,0,0,21%
6115.30.90,KIT MEDIAS 12 UNIDADES,35,3,0,0,21%
6115.30.90,ROPA MEDIAS,35,3,0,0,21%
6115.30.90,ROPA MEDIAS,35,3,0,0,21%
6115.30.90,ROPA MEDIAS KIT 6 UNIDS,35,3,0,0,21%
6115.29.90,ROPA DEPORTIVA,35,3,0,0,21%
6115.10.22,ROPA MEDIAS MUJER,35,3,0,0,21%
6113.00.00,ROPA,35,3,0,0,21%
6111.20.00.900A,PRENDAS DE ALGODON PARA BEBE,35,3,0,0,21%
6110.30.00,CONJUNTO BUZO Y REMERA,35,3,0,0,21%
6110.30.00,ROPA. BUZO,35,3,0,0,21%
6110.19.00,ROPA CARDIGAN,35,3,0,0,21%
6110.19.00,ROPA PULLOVER,35,3,0,0,21%
6110.12.00,ROPA SUETERS,35,3,0,0,21%
6110.12.00,KIT 2 SUETERS,35,3,0,0,21%
6109.90.00,ROPA CAMISETA BASKET,35,3,0,0,21%
6109.10.00,ROPA POLO,35,3,0,0,21%
6109.10.00,CONJUNTO REMERA Y SHORT,35,3,0,0,21%
6109.10.00,ROPA REMERAS,35,3,0,0,21%
6109.10.00,REMERAS,20,3,0,0,21%
6108.99.00,ROPA INTERIOR,20,3,0,0,21%
6107.21.00,PIJAMA,35,3,0,0,21%
6107.19.00,ROPA INTERIOR HOMBRE KIT 3 UNID,35,3,0,0,21%
6106.90.00,ROPA CAMISA,35,3,0,0,21%
6106.90.00,CONJUNTO REMERA/PANTALON NIÑA,35,3,0,0,21%
6105.10.00,demas confecciones de algodon,35,3,0,0,21%
6104.69.00,PANTALONES,20,3,0,0,21%
6104.49.00,ROPA VESTIDOS,35,3,0,0,21%
6104.49.00,ROPA VESTIDOS SET 2 UNID,35,3,0,0,21%
6104.49.00,VESTIDOS,20,3,0,0,21%
6103.49.00,ROPA SHORT,35,3,0,0,21%
6103.49.00,ROPA PANTALON JOGGING,35,3,0,0,21%
6103.29.90,AMBO TEXTIL,20,3,0,0,21%
6102.90.00,DEMAS PRENSAS DE VESTIR MUJER NIÑA,20,3,0,0,21%
6101.20.00,ROPA CAMPERA,35,3,0,0,21%
5911.90.00,ARTICULO TEXTIL,26,3,0,0,21%
5911.90.00,TELON FONDO VIDEOS,26,3,0,0,21%
5906.10.00,CINTA ADHESIVA,16,3,0,0,21%
5906.10.00,CINTAS ADHESIVAS,16,3,0,0,21%
5806.32.00,DEMAS CINTAS DE FIBRAS SINTETICAS,18,3,0,0,21%
5703.39.00.290K,TAPETE PARA BEBE,35,3,0,0,21%
5702.91.00.100W,Alfombra plastica/textil en losetas,35,3,0,0,21%
5702.20.00,ALFOMBRA,35,3,0,0,21%
5609.00.90.000M,Lingas - Eslingas de carga con accesorio,18,3,0,0,21%
5608.90.00,RED PARA PESCA,18,3,0,0,21%
5607.50.11,CORDELES,18,3,0,0,21%
5607.41.00,LINEA DYNEEMA,18,3,0,0,21%
5513.23.10,fibras discontinuas de poliéster,18,3,0,0,21%
5407.73.00.430Q,Tejidos de hilados sinteticos polipropil,18,3,0,0,21%
5407.51.00.190R,Tejidos de hilados sinteticos polipropil,18,3,0,0,21%
5406.00.20,CARRETES FILAMENTOS NYLON,18,3,0,0,21%
4911.99.00,LIBRO ORGANIZADOR,16,3,0,0,21%
4911.99.00,POSTER ENMARCADO,16,3,0,0,21%
4911.99.00,POSTER,16,3,0,0,21%
4911.91.00,STICKERS,16,3,0,0,21%
4911.10.90,MATERIAL DE PROMOCION,16,3,0,0,21%
4911.10.90,IMPRESO COMERCIAL,16,3,0,0,21%
4911.10.90,IMPRESOS,16,3,0,0,21%
4908.10.00,KIT CALCOMANIAS,16,3,0,0,21%
4903.00.00,LIBROS Y ALBUMMES DE ESTAMPAS,16,3,0,0,0%
4901.99.00.990A,LOS DEMAS LIBROS,0,0,0,0,0%
4901.99.00,MANUAL TECNICO,0,0,0,0,21%
4901.99.00,LIBROS,0,0,0,0,0%
4901.10.00,lLIBROS,0,3,0,0,0%
4823.69.00,Juego de vajilla de papel KIT 96,16,3,0,0,21%
4823.20.10,KIT PAPEL FILTRO CAFE,2,3,0,0,21%
4821.90.00,ETIQUETAS,16,3,0,0,21%
4820.30.00,CARPETAS,16,3,0,0,21%
4820.10.00,AGENDA,16,3,0,0,21%
4819.40.00,BOLSAS DE PAPEL,16,3,0,0,21%
4817.30.00,CAJAS DE CARTON,16,3,0,0,21%
4817.30.00,ENVASE/EMBALAJE CARTON,16,3,0,0,21%
4811.90.90,ROLLO PAPEL IMPRESION,12,3,0,0,21%
4802.69.99,PAPEL PARA IMPRESION,12,3,0,0,21%
4802.40.10,PAPEL Y CARTON,16,3,0,0,21%
4504.90.00,JUNTA TAPA DE VALVULA,9,3,0,0,21%
4421.99.00,ARBOL RASCADOR P/GATOS,35,3,0,0,21%
4419.00.00,ARTICULO DE MESA,14,3,0,0,21%
4417.00.20,ENSANCHADOR DE CALZADO,10,3,0,0,21%
4205.00.00,COIFAS REP AUTO,20,3,0,0,21%
4203.30.00,CINTURON,20,3,0,0,21%
4203.30.00,CINTURON PORTA HERRAMIENTAS,20,3,0,0,21%
4202.99.00,FUNDAS,20,3,20,0,21%
4202.99.00,KIT FUNDA Y PROTECTOR,20,3,0,0,21%
4202.99.00,KIT FUNDA Y MOUSE,20,3,0,0,21%
4202.99.00,DEMAS ESTUCHES/CONTINENTES SIMILARES,20,3,0,0,21%
4202.99.00,BOLSOS,20,3,0,0,21%
4202.99.00,RINONERA,20,3,0,0,21%
4202.99.00,FUNDAS Y ESTUCHES,20,3,0,0,21%
4202.92.00.230,MOCHILA TERMICA,20,3,0,0,21%
4202.92.00,CARTUCHERA,35,3,0,0,21%
4202.92.00,MOCHILA,20,3,0,0,21%
4202.92.00,CARTERA,35,3,0,0,21%
4202.92.00,MOCHILA MAT TEXTIL,35,3,0,0,21%
4202.92.00,BOLSO MAT TEXTIL,35,3,0,0,21%
4202.92.00,FUNDA TAC CONS,35,3,0,0,21%
4202.91.00,BOLSO GOLF,20,3,0,0,21%
4202.39.00,BILLETERAS,20,3,0,0,21%
4202.39.00,ESTUCHES - ARTICULOS DE BOLSILLO,20,3,0,0,21%
4202.29.00,BOLSAS DE MANO,20,3,0,0,21%
4202.22.20.900F,Los demás De materia textil,35,3,0,0,21%
4202.21.00,BOLSO,20,3,0,0,21%
4202.21.00,Cartera cuero natural o regenerado,20,3,0,0,21%
4202.12.10,CARTERAS,20,3,0,0,21%
4202.11.00,alforjas / contenedor,20,3,0,0,21%
4201.00.90,COLLAR PARA MASCOTA,20,3,0,0,21%
4016.99.90.190Z,Tiras sin fin banditas elasticas,16,3,0,0,21%
4016.99.90,TAPETE DE GOMA,16,3,0,0,21%
4016.99.90,MANUF DE CAUCHO,16,3,0,0,21%
4016.99.90,PARCHES BICICLETA,16,3,0,0,21%
4016.99.90,BUJES,16,3,0,0,21%
4016.99.90,COBERTOR DE CAUCHO,16,3,0,0,21%
4016.99.90,ACCESORIOS DE CAUCHO P/MASCOTA,16,3,0,0,21%
4016.93.00,JUNTAS DE CAUCHO,16,3,0,0,21%
4016.93.00,O RING,16,3,0,0,21%
4016.91.00,SET ALFOMBRAS VEHICULOS,16,3,0,0,21%
4016.91.00,ALFOMBRAS VEHICULOS,16,3,0,0,21%
4016.10.90,CORREAS 1,16,3,0,0,21%
4016.10.90,PAD MOUSE,16,3,0,0,21%
4016.10.90,CORREAS KIT 2 UNID,16,3,0,0,21%
4014.90.90.210J,CHUPETE,16,3,0,0,21%
4012.90.90,cubierta maciza,16,3,0,0,21%
4011.50.00,CUBIERTAS BICICLETA ORIGEN CHINA,16,3,0,07.03,21%
4011.10.00.869W,Neumatico para vehiculo,16,3,0,0,21%
4011.10.00,CUBIERTAS DE CAUCHO,16,3,0,0,21%
4010.39.00,Correas transportadoras o de transmisión,12.6,3,0,0,21%
4010.39.00,sharpening motor wide belt,12.6,3,0,0,21%
4010.31.00,CORREA DE DISTRIBUCION,14,3,0,0,21%
4009.42.90,KIT MANGUERAS,14,3,0,0,21%
4009.11.00,MANGUERA,14,3,0,0,21%
3926.90.90.999A,Las demás manufacturas de plástico,35,3,0,0,21%
3926.90.90.919Z,Manufacturas de plástico para vehiculos,35,3,0,0,21%
3926.90.90,SOPORTE PARA CELULAR,18,3,0,0,21%
3926.90.90,FUNDA NOTEBOOK C/ACC,35,3,0,0,21%
3926.90.90,RETAZOS,18,3,0,0,21%
3926.90.90,MANUF DE PLASTICO,35,3,0,0,21%
3926.90.90,MANUFACTURAS. LAS DEMAS,35,3,0,0,21%
3926.90.90,JABONERA PLASTICA,18,3,0,0,21%
3926.90.90,TECLAS PLASTICAS,18,3,0,0,21%
3926.90.90,CAJA HERRAMIENTAS PLASTICA,18,3,0,0,21%
3926.90.90,PERILLA PLASTICA,18,3,0,0,21%
3926.90.90,PACK MANUF PLASTICAS 4 UNID,18,3,0,0,21%
3926.90.90,MANUF PLASTICAS KIT 4 UNID,18,3,0,0,21%
3926.90.90,FUNDA CELULAR CON ACCS,35,3,0,0,
3926.90.90,MANUFACT PLASTICAS DE 100 UNIDADES,35,3,0,0,21%
3926.90.90,JGO PANELES PUERTA AUTOMOVIL,18,3,0,0,21%
3926.90.90,FUNDA PLASTICA,35,3,0,0,21%
3926.90.90,FILM PROTECTOR X 2 UNID,18,3,0,0,21%
3926.90.90,FILM PROTECTOR Y ACCS X 2 UNID,18,3,0,0,21%
3926.90.90,PALLETS P,35,3,0,0,21%
3926.90.90,TAPAS PLASTICAS,18,3,0,0,21%
3926.90.90,COLCHON INFLABLE,18,3,0,0,21%
3926.90.90,SOPORTE P,18,3,0,0,21%
3926.90.90,PRISMAS NP,18,3,0,0,21%
3926.90.90,BLOCKS PLAST,35,3,0,0,21%
3926.90.90,ENVASE/EMBALAJE PLASTICO,35,3,0,0,21%
3926.90.90,BOTE SILLA INFLABLE,18,3,0,0,21%
3926.90.90,Las demás manufacturas de plástico,18,3,0,0,21%
3926.90.90,TORNILLO PLASTICO,35,3,0,0,21%
3926.90.90,GEL PACK,35,3,0,0,21%
3926.90.10,PALLETS PLASTICO,35,3,0,0,21%
3926.90.10,ARANDELAS PLASTICAS KIT 6 UNID,18,3,0,0,21%
3926.40.00,ESTATUILLAS PLASTICAS,18,3,0,0,21%
3926.40.00,ARTICULOS PLASTICOS. LOS DEMAS,18,3,0,0,21%
3926.40.00,REMO PLASTICO INFLABLE,18,3,0,0,21%
3926.40.00,PROTECTOR PLASTICO KIT 5 UNIDADES,18,3,0,0,21%
3926.40.00,PROTECTOR PLASTICO KIT 10 UNIDADES,18,3,0,0,21%
3926.40.00,ENVASES PLASTICOS,18,3,0,0,21%
3926.30.00,PERILLAS PLASTICAS,18,3,0,0,21%
3926.20.00,PROTECTOR FACIAL KIT X 11,18,3,0,0,21%
3926.20.00,CINTURONES PLASTICOS,18,3,0,0,21%
3926.10.00,CARPETAS PLASTICAS,18,3,0,0,21%
3926.10.00,CLIPS PLASTICOS,18,3,0,0,21%
3925.90.90,VEJIGA PLASTICA,18,3,0,0,21%
3925.30.00,CORTINA BLACK OUT,18,3,0,0,21%
3924.90.00.400Z,CUBO DE BASURA,18,3,0,0,21%
3924.90.00,ESPONJA,18,3,0,0,21%
3924.90.00,vajilla o art de tocador,18,3,0,0,21%
3924.10.00.919L,BIBERONES,18,3,0,0,21%
3924.10.00.590W,MOLDE DE SILICONA,18,3,0,0,21%
3924.10.00.590W,MOLDE SILICONA,18,3,0,0,21%
3924.10.00.190Z,CUBIERTO DE PLASTICO,18,3,0,0,21%
3924.10.00,CAJAS PLASTICAS,18,3,0,0,21%
3924.10.00,MANTEL PLASTICO,18,3,0,0,21%
3924.10.00,SET TABLAS COCINA,18,3,0,0,21%
3923.90.10,PALLETS DE PLASTICO,18,3,0,0,21%
3923.30.90,BOTELLA,18,3,0,0,21%
3923.30.90,BOTELLA P BICICLETA,18,3,0,0,21%
3923.30.00,BOMBONAS LAS DEMAS,18,3,0,0,21%
3923.29.90.000T,De los demás plásticos,18,3,0,0,21%
3923.21.90,FOLIOS A4,18,3,0,0,21%
3923.21.90,FOLIOS KIT 80 UNID,18,3,0,0,21%
3923.21.90,FOLIOS,18,3,0,0,21%
3923.21.90,FOLIOS KIT 20 UNID,18,3,0,0,21%
3923.21.90,FOLIOS KIT 35 UNID,18,3,0,0,21%
3923.21.90,FOLIOS (KIT 100 UNID),18,3,0,0,21%
3923.21.90,FOLIOS (KIT 25 UNID),18,3,0,0,21%
3923.21.90,FOLIOS (KIT 50 UNID),18,3,0,0,21%
3923.10.90,MANUFACTURAS DE PLASTICO,35,3,0,0,21%
3923.10.90,CONTINENTES PLASTICOS,18,3,0,0,21%
3921.90.90,FILM,16,3,0,0,21%
3921.90.90,PLACAS PLASTICAS,16,3,0,0,21%
3921.90.90,FILM JUEGO 100 UN,16,3,0,0,21%
3920.99.90,ROLLO FILM,16,3,0,0,21%
3920.99.10,KIT MANUF SILICONA/ LLAVERO,16,3,0,0,21%
3920.99.10,MANUF DE SILICONA KIT,16,3,0,0,21%
3920.20.90,TIRAS DE POLIPROPILENO,16,3,0,0,21%
3919.90.90.999K,PROTECTOR DE PANTALLA,16,3,0,0,21%
3919.90.90,PAD GEL SILICONA,16,3,0,0,21%
3919.90.90,LAMINAS ADHESIVAS,16,3,0,0,21%
3919.90.90,LAMINAS ADHESIVAS KIT 100 UNIDADES,16,3,0,0,21%
3919.90.90,FILM PROTECTOR KIT 20 UNIDADES,16,3,0,0,21%
3919.90.90,FILM PROTECTOR SMARTWATCH,16,3,0,0,21%
3919.90.90,FILM PROTECTOR CELULAR,16,3,0,0,21%
3919.90.20,LAMINAS DE VINILO KIT,16,3,0,0,21%
3919.90.10,ROLLOS DE FILM,16,3,0,0,21%
3919.90.10,HOJAS PLASTICAS,16,3,0,0,21%
3919.90.10,HOJAS PLASTICAS,16,3,0,0,21%
3919.90.10,PLACAS,16,3,0,0,21%
3919.90.00,FILM EN PLACAS,16,3,0,0,21%
3919.10.90,PLACAS PLASTICAS AUTOADHESIVAS,16,3,0,0,21%
3919.10.00,CINTA,16,3,0,0,21%
3919.10.00,BOLSAS,16,3,0,0,21%
3917.29.00,TUBOS PLASTICOS,16,3,0,0,21%
3916.90.90,FILAMENTOS IMPRESORA 3D,16,3,0,0,21%
3910.00.90,GEL DE SILICONA,14,3,0,0,21%
3907.30.19,RESINA EPOXI,12.6,3,0,0,21%
3904.90.90,PTFE - POLIMERO - TEFLON BLOQUES - BARRA,12.6,3,0,0,21%
3904.90.90,PTFE-Polytetrafluoroethylene-Teflon-Barr,12.6,3,0,0,21%
3824.99.49,fluidos para transferencia de calor,12.6,3,0,0,21%
3824.90.89,QUIMICOS LOS DEMAS,14,3,0,0,21%
3819.00.00,FLUIDOS AUTOMOTOR,14,3,0,0,21%
3811.29.90,LUBRICANTE,14,3,0,0,21%
3810.10.20,PASTA PARA SOLDAR,14,3,0,0,21%
3702.54.99,PELICULA INSTANTANEA,14,3,0,0,21%
3506.91.90,ADHESIVO PARA PELUCAS,16,3,0,0,21%
3506.10.90,PEGAMENTO,16,3,0,0,21%
3405.20.00,WAX PLASTICO,16,3,0,0,21%
3402.90.90,KIT LIMPIADOR FILTROS,18,3,0,0,21%
3305.10.00,CHAMPUES CON ACONDICIONADOR,18,3,0,0,21%
3304.99.10,CREMA DE BELLEZA,18,3,0,0,21%
3303.00.20,AGUA DE TOCADOR,18,3,0,0,21%
3303.00.10,PERFUMES,18,3,0,0,21%
3303.00.10,KIT PERFUME Y CREMAS 2,18,3,0,0,21%
3210.00.10,DEMAS PINTURAS Y BARNICES,12.6,3,0,0,21%
3204.90.00,COLORANTE VEG LENTE,14,3,0,0,21%
0000.04.56,COD AFIP PEQUEÑOS ENVIOS,0,0,0,0,21%
9617.00.10.190,Termos y demás recipientes isotérmicos,18,3,0,0,21%
9603.50.00,Los demás cepillos,18,3,0,0,21%
8806.29.00,Drone no tripulado,0,0,0,0,"10,50%"
8714.10.00.100,cacha de motocicleta,16,3,0,0,21%
8501.72.10,"Motores y generadores, eléctricos,",18,3,0,0,21%
8481.80.19,Artículos de grifería utilizados en baño,18,3,0,0,21%
6101.90.90,CAMPERAS - LAS DEMAS,35,3,0,0,21%